0 verbose cli /data/data/com.termux/files/usr/bin/node /data/data/com.termux/files/usr/bin/npm
1 info using npm@11.16.0
2 info using node@v26.2.0
3 silly config load:file:/data/data/com.termux/files/usr/lib/node_modules/npm/npmrc
4 silly config load:file:/data/data/com.termux/files/home/discord-music-bot/.npmrc
5 silly config load:file:/data/data/com.termux/files/home/.npmrc
6 silly config load:file:/data/data/com.termux/files/usr/etc/npmrc
7 verbose title npm install
8 verbose argv "install"
9 verbose logfile logs-max:10 dir:/data/data/com.termux/files/home/.npm/_logs/2026-06-08T09_41_54_097Z-
10 verbose logfile /data/data/com.termux/files/home/.npm/_logs/2026-06-08T09_41_54_097Z-debug-0.log
11 silly logfile done cleaning log files
12 silly packumentCache heap:1087897600 maxSize:271974400 maxEntrySize:135987200
13 silly idealTree buildDeps
14 silly fetch manifest discord.js@^14.14.1
15 silly packumentCache full:https://registry.npmjs.org/discord.js cache-miss
16 http fetch GET 200 https://registry.npmjs.org/discord.js 3887ms (cache revalidated)
17 silly packumentCache full:https://registry.npmjs.org/discord.js set size:8623303 disposed:false
18 silly fetch manifest @discordjs/voice@^0.16.1
19 silly packumentCache full:https://registry.npmjs.org/@discordjs%2fvoice cache-miss
20 http fetch GET 200 https://registry.npmjs.org/@discordjs%2fvoice 312ms (cache revalidated)
21 silly packumentCache full:https://registry.npmjs.org/@discordjs%2fvoice set size:6028695 disposed:false
22 silly fetch manifest ytdl-core@^4.11.5
23 silly packumentCache full:https://registry.npmjs.org/ytdl-core cache-miss
24 http fetch GET 200 https://registry.npmjs.org/ytdl-core 207ms (cache revalidated)
25 silly packumentCache full:https://registry.npmjs.org/ytdl-core set size:498609 disposed:false
26 silly fetch manifest yt-search@^2.3.4
27 silly packumentCache full:https://registry.npmjs.org/yt-search cache-miss
28 http fetch GET 200 https://registry.npmjs.org/yt-search 136ms (cache revalidated)
29 silly packumentCache full:https://registry.npmjs.org/yt-search set size:230821 disposed:false
30 silly fetch manifest spotify-url-info@^3.2.5
31 silly packumentCache full:https://registry.npmjs.org/spotify-url-info cache-miss
32 http fetch GET 200 https://registry.npmjs.org/spotify-url-info 342ms (cache revalidated)
33 silly packumentCache full:https://registry.npmjs.org/spotify-url-info set size:228914 disposed:false
34 silly fetch manifest soundcloud-downloader@^0.2.3
35 silly packumentCache full:https://registry.npmjs.org/soundcloud-downloader cache-miss
36 http fetch GET 200 https://registry.npmjs.org/soundcloud-downloader 465ms (cache revalidated)
37 silly packumentCache full:https://registry.npmjs.org/soundcloud-downloader set size:81935 disposed:false
38 silly fetch manifest dotenv@^16.3.1
39 silly packumentCache full:https://registry.npmjs.org/dotenv cache-miss
40 http fetch GET 200 https://registry.npmjs.org/dotenv 232ms (cache revalidated)
41 silly packumentCache full:https://registry.npmjs.org/dotenv set size:277832 disposed:false
42 silly fetch manifest ffmpeg-static@^5.2.0
43 silly packumentCache full:https://registry.npmjs.org/ffmpeg-static cache-miss
44 http fetch GET 200 https://registry.npmjs.org/ffmpeg-static 172ms (cache revalidated)
45 silly packumentCache full:https://registry.npmjs.org/ffmpeg-static set size:101147 disposed:false
46 silly fetch manifest axios@^1.6.0
47 silly packumentCache full:https://registry.npmjs.org/axios cache-miss
48 http fetch GET 200 https://registry.npmjs.org/axios 239ms (cache revalidated)
49 silly packumentCache full:https://registry.npmjs.org/axios set size:827182 disposed:false
50 silly fetch manifest @distube/ytdl-core@^4.15.2
51 silly packumentCache full:https://registry.npmjs.org/@distube%2fytdl-core cache-miss
52 http fetch GET 200 https://registry.npmjs.org/@distube%2fytdl-core 228ms (cache revalidated)
53 silly packumentCache full:https://registry.npmjs.org/@distube%2fytdl-core set size:186402 disposed:false
54 silly placeDep ROOT @discordjs/voice@0.16.1 OK for: discord-music-bot@1.0.0 want: ^0.16.1
55 silly placeDep ROOT @distube/ytdl-core@4.16.12 OK for: discord-music-bot@1.0.0 want: ^4.15.2
56 silly placeDep ROOT axios@1.17.0 OK for: discord-music-bot@1.0.0 want: ^1.6.0
57 silly placeDep ROOT discord.js@14.26.4 OK for: discord-music-bot@1.0.0 want: ^14.14.1
58 silly placeDep ROOT dotenv@16.6.1 OK for: discord-music-bot@1.0.0 want: ^16.3.1
59 silly placeDep ROOT ffmpeg-static@5.3.0 OK for: discord-music-bot@1.0.0 want: ^5.2.0
60 silly placeDep ROOT soundcloud-downloader@0.2.4 OK for: discord-music-bot@1.0.0 want: ^0.2.3
61 silly placeDep ROOT spotify-url-info@3.3.0 OK for: discord-music-bot@1.0.0 want: ^3.2.5
62 silly placeDep ROOT yt-search@2.13.1 OK for: discord-music-bot@1.0.0 want: ^2.3.4
63 silly placeDep ROOT ytdl-core@4.11.5 OK for: discord-music-bot@1.0.0 want: ^4.11.5
64 silly fetch manifest ws@^8.14.2
65 silly packumentCache full:https://registry.npmjs.org/ws cache-miss
66 silly fetch manifest tslib@^2.6.2
67 silly packumentCache full:https://registry.npmjs.org/tslib cache-miss
68 silly fetch manifest @types/ws@^8.5.9
69 silly packumentCache full:https://registry.npmjs.org/@types%2fws cache-miss
70 silly fetch manifest prism-media@^1.3.5
71 silly packumentCache full:https://registry.npmjs.org/prism-media cache-miss
72 silly fetch manifest discord-api-types@0.37.61
73 silly packumentCache full:https://registry.npmjs.org/discord-api-types cache-miss
74 silly fetch manifest sax@^1.4.1
75 silly packumentCache full:https://registry.npmjs.org/sax cache-miss
76 silly fetch manifest undici@^7.8.0
77 silly packumentCache full:https://registry.npmjs.org/undici cache-miss
78 http fetch GET 200 https://registry.npmjs.org/ws 263ms (cache revalidated)
79 silly packumentCache full:https://registry.npmjs.org/ws set size:427091 disposed:false
80 silly fetch manifest miniget@^4.2.3
81 silly packumentCache full:https://registry.npmjs.org/miniget cache-miss
82 http fetch GET 200 https://registry.npmjs.org/tslib 554ms (cache revalidated)
83 silly packumentCache full:https://registry.npmjs.org/tslib set size:108760 disposed:false
84 silly fetch manifest m3u8stream@^0.8.6
85 silly packumentCache full:https://registry.npmjs.org/m3u8stream cache-miss
86 http fetch GET 200 https://registry.npmjs.org/prism-media 710ms (cache revalidated)
87 silly packumentCache full:https://registry.npmjs.org/prism-media set size:158576 disposed:false
88 silly fetch manifest tough-cookie@^5.1.2
89 silly packumentCache full:https://registry.npmjs.org/tough-cookie cache-miss
90 http fetch GET 200 https://registry.npmjs.org/sax 756ms (cache revalidated)
91 silly packumentCache full:https://registry.npmjs.org/sax set size:91199 disposed:false
92 silly fetch manifest http-cookie-agent@^7.0.1
93 silly packumentCache full:https://registry.npmjs.org/http-cookie-agent cache-miss
94 http fetch GET 200 https://registry.npmjs.org/miniget 480ms (cache revalidated)
95 silly packumentCache full:https://registry.npmjs.org/miniget set size:76662 disposed:false
96 silly fetch manifest https-proxy-agent@^7.0.6
97 silly packumentCache full:https://registry.npmjs.org/https-proxy-agent cache-miss
98 http fetch GET 200 https://registry.npmjs.org/@types%2fws 821ms (cache revalidated)
99 silly packumentCache full:https://registry.npmjs.org/@types%2fws set size:167959 disposed:false
100 silly fetch manifest form-data@^4.0.5
101 silly packumentCache full:https://registry.npmjs.org/form-data cache-miss
102 http fetch GET 200 https://registry.npmjs.org/discord-api-types 901ms (cache revalidated)
103 silly packumentCache full:https://registry.npmjs.org/discord-api-types set size:8182011 disposed:false
104 silly fetch manifest proxy-from-env@^2.1.0
105 silly packumentCache full:https://registry.npmjs.org/proxy-from-env cache-miss
106 http fetch GET 200 https://registry.npmjs.org/tough-cookie 1128ms (cache revalidated)
107 silly packumentCache full:https://registry.npmjs.org/tough-cookie set size:149007 disposed:false
108 silly fetch manifest follow-redirects@^1.16.0
109 silly packumentCache full:https://registry.npmjs.org/follow-redirects cache-miss
110 http fetch GET 200 https://registry.npmjs.org/http-cookie-agent 1130ms (cache revalidated)
111 silly packumentCache full:https://registry.npmjs.org/http-cookie-agent set size:143093 disposed:false
112 silly fetch manifest https-proxy-agent@^5.0.1
113 silly packumentCache full:https://registry.npmjs.org/https-proxy-agent cache-miss
114 http fetch GET 200 https://registry.npmjs.org/proxy-from-env 260ms (cache revalidated)
115 silly packumentCache full:https://registry.npmjs.org/proxy-from-env set size:21422 disposed:false
116 silly fetch manifest tslib@^2.6.3
117 silly packumentCache full:https://registry.npmjs.org/tslib cache-hit
118 silly fetch manifest undici@6.24.1
119 silly packumentCache full:https://registry.npmjs.org/undici cache-miss
120 http fetch GET 200 https://registry.npmjs.org/https-proxy-agent 1175ms (cache revalidated)
121 silly packumentCache full:https://registry.npmjs.org/https-proxy-agent set size:81258 disposed:false
122 silly fetch manifest @discordjs/ws@^1.2.3
123 silly packumentCache full:https://registry.npmjs.org/@discordjs%2fws cache-miss
124 http fetch GET 200 https://registry.npmjs.org/form-data 1169ms (cache revalidated)
125 silly packumentCache full:https://registry.npmjs.org/form-data set size:153646 disposed:false
126 silly fetch manifest magic-bytes.js@^1.13.0
127 silly packumentCache full:https://registry.npmjs.org/magic-bytes.js cache-miss
128 http fetch GET 200 https://registry.npmjs.org/m3u8stream 1504ms (cache revalidated)
129 silly packumentCache full:https://registry.npmjs.org/m3u8stream set size:70942 disposed:false
130 silly fetch manifest @discordjs/rest@^2.6.1
131 silly packumentCache full:https://registry.npmjs.org/@discordjs%2frest cache-miss
132 http cache https://registry.npmjs.org/https-proxy-agent 161ms (cache hit)
133 silly packumentCache full:https://registry.npmjs.org/https-proxy-agent set size:81258 disposed:false
134 silly packumentCache full:https://registry.npmjs.org/https-proxy-agent dispose
135 silly fetch manifest @discordjs/util@^1.2.0
136 silly packumentCache full:https://registry.npmjs.org/@discordjs%2futil cache-miss
137 http fetch GET 200 https://registry.npmjs.org/follow-redirects 297ms (cache revalidated)
138 silly packumentCache full:https://registry.npmjs.org/follow-redirects set size:188945 disposed:false
139 silly fetch manifest fast-deep-equal@3.1.3
140 silly packumentCache full:https://registry.npmjs.org/fast-deep-equal cache-miss
141 http fetch GET 200 https://registry.npmjs.org/magic-bytes.js 259ms (cache revalidated)
142 silly packumentCache full:https://registry.npmjs.org/magic-bytes.js set size:127104 disposed:false
143 silly fetch manifest lodash.snakecase@4.1.1
144 silly packumentCache full:https://registry.npmjs.org/lodash.snakecase cache-miss
145 http fetch GET 200 https://registry.npmjs.org/undici 2402ms (cache updated)
146 silly packumentCache full:https://registry.npmjs.org/undici set size:undefined disposed:false
147 silly fetch manifest discord-api-types@^0.38.40
148 silly packumentCache full:https://registry.npmjs.org/discord-api-types cache-miss
149 http fetch GET 200 https://registry.npmjs.org/fast-deep-equal 425ms (cache revalidated)
150 silly packumentCache full:https://registry.npmjs.org/fast-deep-equal set size:48634 disposed:false
151 silly fetch manifest @discordjs/builders@^1.14.1
152 silly packumentCache full:https://registry.npmjs.org/@discordjs%2fbuilders cache-miss
153 http fetch GET 200 https://registry.npmjs.org/@discordjs%2futil 616ms (cache revalidated)
154 silly packumentCache full:https://registry.npmjs.org/@discordjs%2futil set size:4416233 disposed:false
155 silly fetch manifest @sapphire/snowflake@3.5.3
156 silly packumentCache full:https://registry.npmjs.org/@sapphire%2fsnowflake cache-miss
157 http fetch GET 200 https://registry.npmjs.org/@discordjs%2fws 1225ms (cache revalidated)
158 silly packumentCache full:https://registry.npmjs.org/@discordjs%2fws set size:5657159 disposed:false
159 silly fetch manifest @discordjs/collection@1.5.3
160 silly packumentCache full:https://registry.npmjs.org/@discordjs%2fcollection cache-miss
161 http fetch GET 200 https://registry.npmjs.org/@discordjs%2frest 1683ms (cache revalidated)
162 silly packumentCache full:https://registry.npmjs.org/@discordjs%2frest set size:6098008 disposed:false
163 silly fetch manifest @discordjs/formatters@^0.6.2
164 silly packumentCache full:https://registry.npmjs.org/@discordjs%2fformatters cache-miss
165 http fetch GET 200 https://registry.npmjs.org/lodash.snakecase 1963ms (cache revalidated)
166 silly packumentCache full:https://registry.npmjs.org/lodash.snakecase set size:16878 disposed:false
167 silly fetch manifest @derhuerst/http-basic@^8.2.0
168 silly packumentCache full:https://registry.npmjs.org/@derhuerst%2fhttp-basic cache-miss
169 http cache https://registry.npmjs.org/discord-api-types 1794ms (cache hit)
170 silly packumentCache full:https://registry.npmjs.org/discord-api-types set size:8182011 disposed:false
171 silly fetch manifest env-paths@^2.2.0
172 silly packumentCache full:https://registry.npmjs.org/env-paths cache-miss
173 http fetch GET 200 https://registry.npmjs.org/undici 3319ms (cache updated)
174 silly packumentCache full:https://registry.npmjs.org/undici set size:undefined disposed:false
175 silly fetch manifest https-proxy-agent@^5.0.0
176 silly packumentCache full:https://registry.npmjs.org/https-proxy-agent cache-hit
177 silly fetch manifest progress@^2.0.3
178 silly packumentCache full:https://registry.npmjs.org/progress cache-miss
179 http fetch GET 200 https://registry.npmjs.org/@derhuerst%2fhttp-basic 1191ms (cache revalidated)
180 silly packumentCache full:https://registry.npmjs.org/@derhuerst%2fhttp-basic set size:20902 disposed:false
181 silly fetch manifest @babel/runtime@^7.10.3
182 silly packumentCache full:https://registry.npmjs.org/@babel%2fruntime cache-miss
183 http fetch GET 200 https://registry.npmjs.org/env-paths 384ms (cache revalidated)
184 silly packumentCache full:https://registry.npmjs.org/env-paths set size:26913 disposed:false
185 silly fetch manifest axios@^0.21.0
186 silly packumentCache full:https://registry.npmjs.org/axios cache-hit
187 silly fetch manifest dotenv@^8.2.0
188 silly packumentCache full:https://registry.npmjs.org/dotenv cache-hit
189 silly fetch manifest m3u8stream@^0.8.0
190 silly packumentCache full:https://registry.npmjs.org/m3u8stream cache-hit
191 silly fetch manifest soundcloud-key-fetch@^1.0.10
192 silly packumentCache full:https://registry.npmjs.org/soundcloud-key-fetch cache-miss
193 http fetch GET 200 https://registry.npmjs.org/@discordjs%2fformatters 1354ms (cache revalidated)
194 silly packumentCache full:https://registry.npmjs.org/@discordjs%2fformatters set size:3959444 disposed:false
195 silly fetch manifest himalaya@~1.1.0
196 silly packumentCache full:https://registry.npmjs.org/himalaya cache-miss
197 http fetch GET 200 https://registry.npmjs.org/@discordjs%2fcollection 2351ms (cache revalidated)
198 silly packumentCache full:https://registry.npmjs.org/@discordjs%2fcollection set size:5614076 disposed:false
199 silly fetch manifest spotify-uri@~4.1.0
200 silly packumentCache full:https://registry.npmjs.org/spotify-uri cache-miss
201 http fetch GET 200 https://registry.npmjs.org/@discordjs%2fbuilders 3885ms (cache revalidated)
202 silly packumentCache full:https://registry.npmjs.org/@discordjs%2fbuilders set size:6013563 disposed:false
203 silly fetch manifest async.parallellimit@~0.5.2
204 silly packumentCache full:https://registry.npmjs.org/async.parallellimit cache-miss
205 http fetch GET 200 https://registry.npmjs.org/@sapphire%2fsnowflake 3847ms (cache revalidated)
206 silly packumentCache full:https://registry.npmjs.org/@sapphire%2fsnowflake set size:3056270 disposed:false
207 silly fetch manifest cheerio@^1.0.0-rc.10
208 silly packumentCache full:https://registry.npmjs.org/cheerio cache-miss
209 http fetch GET 200 https://registry.npmjs.org/progress 1994ms (cache revalidated)
210 silly packumentCache full:https://registry.npmjs.org/progress set size:34179 disposed:false
211 silly fetch manifest dasu@~0.4.3
212 silly packumentCache full:https://registry.npmjs.org/dasu cache-miss
213 http fetch GET 200 https://registry.npmjs.org/@babel%2fruntime 1962ms (cache revalidated)
214 silly packumentCache full:https://registry.npmjs.org/@babel%2fruntime set size:3455431 disposed:false
215 silly fetch manifest boolstring@~2.0.1
216 silly packumentCache full:https://registry.npmjs.org/boolstring cache-miss
217 http fetch GET 200 https://registry.npmjs.org/async.parallellimit 830ms (cache revalidated)
218 silly packumentCache full:https://registry.npmjs.org/async.parallellimit set size:11848 disposed:false
219 silly fetch manifest human-time@0.0.2
220 silly packumentCache full:https://registry.npmjs.org/human-time cache-miss
221 http fetch GET 200 https://registry.npmjs.org/cheerio 607ms (cache revalidated)
222 silly packumentCache full:https://registry.npmjs.org/cheerio set size:169071 disposed:false
223 silly fetch manifest jsonpath-plus@~10.3.0
224 silly packumentCache full:https://registry.npmjs.org/jsonpath-plus cache-miss
225 http fetch GET 200 https://registry.npmjs.org/spotify-uri 1398ms (cache revalidated)
226 silly packumentCache full:https://registry.npmjs.org/spotify-uri set size:55802 disposed:false
227 silly fetch manifest minimist@~1.2.5
228 silly packumentCache full:https://registry.npmjs.org/minimist cache-miss
229 http fetch GET 200 https://registry.npmjs.org/soundcloud-key-fetch 2349ms (cache revalidated)
230 silly packumentCache full:https://registry.npmjs.org/soundcloud-key-fetch set size:36531 disposed:false
231 silly fetch manifest node-fzf@~0.14.0
232 silly packumentCache full:https://registry.npmjs.org/node-fzf cache-miss
233 http fetch GET 200 https://registry.npmjs.org/himalaya 1916ms (cache revalidated)
234 silly packumentCache full:https://registry.npmjs.org/himalaya set size:60352 disposed:false
235 silly fetch manifest miniget@^4.2.2
236 silly packumentCache full:https://registry.npmjs.org/miniget cache-hit
237 silly fetch manifest sax@^1.1.3
238 silly packumentCache full:https://registry.npmjs.org/sax cache-hit
239 http fetch GET 200 https://registry.npmjs.org/boolstring 373ms (cache revalidated)
240 silly packumentCache full:https://registry.npmjs.org/boolstring set size:11589 disposed:false
241 http fetch GET 200 https://registry.npmjs.org/human-time 312ms (cache revalidated)
242 silly packumentCache full:https://registry.npmjs.org/human-time set size:6624 disposed:false
243 http fetch GET 200 https://registry.npmjs.org/minimist 246ms (cache revalidated)
244 silly packumentCache full:https://registry.npmjs.org/minimist set size:77063 disposed:false
245 http fetch GET 200 https://registry.npmjs.org/jsonpath-plus 287ms (cache revalidated)
246 silly packumentCache full:https://registry.npmjs.org/jsonpath-plus set size:260001 disposed:false
247 http fetch GET 200 https://registry.npmjs.org/dasu 778ms (cache revalidated)
248 silly packumentCache full:https://registry.npmjs.org/dasu set size:66546 disposed:false
249 http fetch GET 200 https://registry.npmjs.org/node-fzf 305ms (cache revalidated)
250 silly packumentCache full:https://registry.npmjs.org/node-fzf set size:80150 disposed:false
251 silly fetch manifest bufferutil@^4.0.1
252 silly packumentCache full:https://registry.npmjs.org/bufferutil cache-miss
253 http fetch GET 200 https://registry.npmjs.org/bufferutil 119ms (cache revalidated)
254 silly packumentCache full:https://registry.npmjs.org/bufferutil set size:52763 disposed:false
255 silly fetch manifest utf-8-validate@>=5.0.2
256 silly packumentCache full:https://registry.npmjs.org/utf-8-validate cache-miss
257 http fetch GET 200 https://registry.npmjs.org/utf-8-validate 115ms (cache revalidated)
258 silly packumentCache full:https://registry.npmjs.org/utf-8-validate set size:77148 disposed:false
259 silly fetch manifest @discordjs/opus@>=0.8.0 <1.0.0
260 silly packumentCache full:https://registry.npmjs.org/@discordjs%2fopus cache-miss
261 http fetch GET 200 https://registry.npmjs.org/@discordjs%2fopus 154ms (cache revalidated)
262 silly packumentCache full:https://registry.npmjs.org/@discordjs%2fopus set size:48010 disposed:false
263 silly fetch manifest ffmpeg-static@^5.0.2 || ^4.2.7 || ^3.0.0 || ^2.4.0
264 silly packumentCache full:https://registry.npmjs.org/ffmpeg-static cache-hit
265 silly fetch manifest node-opus@^0.3.3
266 silly packumentCache full:https://registry.npmjs.org/node-opus cache-miss
267 http fetch GET 200 https://registry.npmjs.org/node-opus 115ms (cache revalidated)
268 silly packumentCache full:https://registry.npmjs.org/node-opus set size:54788 disposed:false
269 silly fetch manifest opusscript@^0.0.8
270 silly packumentCache full:https://registry.npmjs.org/opusscript cache-miss
271 http fetch GET 200 https://registry.npmjs.org/opusscript 117ms (cache revalidated)
272 silly packumentCache full:https://registry.npmjs.org/opusscript set size:17409 disposed:false
273 silly placeDep ROOT @types/ws@8.18.1 OK for: @discordjs/voice@0.16.1 want: ^8.5.9
274 silly placeDep ROOT discord-api-types@0.37.61 OK for: @discordjs/voice@0.16.1 want: 0.37.61
275 silly placeDep ROOT prism-media@1.3.5 OK for: @discordjs/voice@0.16.1 want: ^1.3.5
276 silly placeDep ROOT tslib@2.8.1 OK for: @discordjs/voice@0.16.1 want: ^2.6.2
277 silly placeDep ROOT ws@8.21.0 OK for: @discordjs/voice@0.16.1 want: ^8.14.2
278 silly fetch manifest @types/node@*
279 silly packumentCache full:https://registry.npmjs.org/@types%2fnode cache-miss
280 http fetch GET 200 https://registry.npmjs.org/@types%2fnode 474ms (cache revalidated)
281 silly packumentCache full:https://registry.npmjs.org/@types%2fnode set size:11033538 disposed:false
282 silly placeDep ROOT http-cookie-agent@7.0.4 OK for: @distube/ytdl-core@4.16.12 want: ^7.0.1
283 silly placeDep ROOT tough-cookie@5.1.2 OK for: http-cookie-agent@7.0.4 want: ^4.0.0 || ^5.0.0 || ^6.0.0
284 silly placeDep ROOT https-proxy-agent@7.0.6 OK for: @distube/ytdl-core@4.16.12 want: ^7.0.6
285 silly placeDep ROOT m3u8stream@0.8.6 OK for: @distube/ytdl-core@4.16.12 want: ^0.8.6
286 silly placeDep ROOT miniget@4.2.3 OK for: @distube/ytdl-core@4.16.12 want: ^4.2.3
287 silly placeDep ROOT sax@1.6.0 OK for: @distube/ytdl-core@4.16.12 want: ^1.4.1
288 silly placeDep ROOT undici@7.27.2 OK for: @distube/ytdl-core@4.16.12 want: ^7.8.0
289 silly fetch manifest agent-base@^9.0.0
290 silly packumentCache full:https://registry.npmjs.org/agent-base cache-miss
291 silly fetch manifest tldts@^6.1.32
292 silly packumentCache full:https://registry.npmjs.org/tldts cache-miss
293 silly fetch manifest debug@4
294 silly packumentCache full:https://registry.npmjs.org/debug cache-miss
295 silly fetch manifest agent-base@^7.1.2
296 silly packumentCache full:https://registry.npmjs.org/agent-base cache-miss
297 silly fetch manifest sax@^1.2.4
298 silly packumentCache full:https://registry.npmjs.org/sax cache-hit
299 http fetch GET 200 https://registry.npmjs.org/agent-base 163ms (cache revalidated)
300 silly packumentCache full:https://registry.npmjs.org/agent-base set size:72085 disposed:false
301 http fetch GET 200 https://registry.npmjs.org/agent-base 193ms (cache revalidated)
302 silly packumentCache full:https://registry.npmjs.org/agent-base set size:72085 disposed:false
303 silly packumentCache full:https://registry.npmjs.org/agent-base dispose
304 http fetch GET 200 https://registry.npmjs.org/debug 198ms (cache revalidated)
305 silly packumentCache full:https://registry.npmjs.org/debug set size:195840 disposed:false
306 http fetch GET 200 https://registry.npmjs.org/tldts 284ms (cache revalidated)
307 silly packumentCache full:https://registry.npmjs.org/tldts set size:3445969 disposed:false
308 silly placeDep ROOT @types/node@25.9.2 OK for: @types/ws@8.18.1 want: *
309 silly fetch manifest undici-types@>=7.24.0 <7.24.7
310 silly packumentCache full:https://registry.npmjs.org/undici-types cache-miss
311 http fetch GET 200 https://registry.npmjs.org/undici-types 192ms (cache updated)
312 silly packumentCache full:https://registry.npmjs.org/undici-types set size:undefined disposed:false
313 silly placeDep ROOT undici-types@7.24.6 OK for: @types/node@25.9.2 want: >=7.24.0 <7.24.7
314 silly placeDep ROOT follow-redirects@1.16.0 OK for: axios@1.17.0 want: ^1.16.0
315 silly placeDep ROOT form-data@4.0.5 OK for: axios@1.17.0 want: ^4.0.5
316 silly placeDep node_modules/axios https-proxy-agent@5.0.1 OK for: axios@1.17.0 want: ^5.0.1
317 silly placeDep ROOT proxy-from-env@2.1.0 OK for: axios@1.17.0 want: ^2.1.0
318 silly fetch manifest asynckit@^0.4.0
319 silly packumentCache full:https://registry.npmjs.org/asynckit cache-miss
320 silly fetch manifest combined-stream@^1.0.8
321 silly packumentCache full:https://registry.npmjs.org/combined-stream cache-miss
322 silly fetch manifest es-set-tostringtag@^2.1.0
323 silly packumentCache full:https://registry.npmjs.org/es-set-tostringtag cache-miss
324 silly fetch manifest hasown@^2.0.2
325 silly packumentCache full:https://registry.npmjs.org/hasown cache-miss
326 silly fetch manifest mime-types@^2.1.12
327 silly packumentCache full:https://registry.npmjs.org/mime-types cache-miss
328 silly fetch manifest agent-base@6
329 silly packumentCache full:https://registry.npmjs.org/agent-base cache-hit
330 http fetch GET 200 https://registry.npmjs.org/asynckit 188ms (cache revalidated)
331 silly packumentCache full:https://registry.npmjs.org/asynckit set size:18932 disposed:false
332 http fetch GET 200 https://registry.npmjs.org/es-set-tostringtag 227ms (cache revalidated)
333 silly packumentCache full:https://registry.npmjs.org/es-set-tostringtag set size:22094 disposed:false
334 http fetch GET 200 https://registry.npmjs.org/combined-stream 254ms (cache revalidated)
335 silly packumentCache full:https://registry.npmjs.org/combined-stream set size:40337 disposed:false
336 http fetch GET 200 https://registry.npmjs.org/hasown 260ms (cache revalidated)
337 silly packumentCache full:https://registry.npmjs.org/hasown set size:18361 disposed:false
338 http fetch GET 200 https://registry.npmjs.org/mime-types 274ms (cache revalidated)
339 silly packumentCache full:https://registry.npmjs.org/mime-types set size:139110 disposed:false
340 silly placeDep ROOT @discordjs/builders@1.14.1 OK for: discord.js@14.26.4 want: ^1.14.1
341 silly placeDep ROOT @discordjs/collection@1.5.3 OK for: discord.js@14.26.4 want: 1.5.3
342 silly placeDep ROOT @discordjs/formatters@0.6.2 OK for: discord.js@14.26.4 want: ^0.6.2
343 silly placeDep ROOT @discordjs/rest@2.6.1 OK for: discord.js@14.26.4 want: ^2.6.1
344 silly placeDep ROOT @discordjs/util@1.2.0 OK for: discord.js@14.26.4 want: ^1.2.0
345 silly placeDep ROOT @discordjs/ws@1.2.3 OK for: discord.js@14.26.4 want: ^1.2.3
346 silly placeDep ROOT @sapphire/snowflake@3.5.3 OK for: discord.js@14.26.4 want: 3.5.3
347 silly placeDep node_modules/discord.js discord-api-types@0.38.48 OK for: discord.js@14.26.4 want: ^0.38.40
348 silly placeDep ROOT fast-deep-equal@3.1.3 OK for: discord.js@14.26.4 want: 3.1.3
349 silly placeDep ROOT lodash.snakecase@4.1.1 OK for: discord.js@14.26.4 want: 4.1.1
350 silly placeDep ROOT magic-bytes.js@1.13.0 OK for: discord.js@14.26.4 want: ^1.13.0
351 silly placeDep node_modules/discord.js undici@6.24.1 OK for: discord.js@14.26.4 want: 6.24.1
352 silly fetch manifest ts-mixer@^6.0.4
353 silly packumentCache full:https://registry.npmjs.org/ts-mixer cache-miss
354 silly fetch manifest fast-deep-equal@^3.1.3
355 silly packumentCache full:https://registry.npmjs.org/fast-deep-equal cache-hit
356 silly fetch manifest @sapphire/shapeshift@^4.0.0
357 silly packumentCache full:https://registry.npmjs.org/@sapphire%2fshapeshift cache-miss
358 silly fetch manifest discord-api-types@^0.38.33
359 silly packumentCache full:https://registry.npmjs.org/discord-api-types cache-miss
360 silly fetch manifest @sapphire/snowflake@^3.5.5
361 silly packumentCache full:https://registry.npmjs.org/@sapphire%2fsnowflake cache-miss
362 silly fetch manifest @discordjs/collection@^2.1.1
363 silly packumentCache full:https://registry.npmjs.org/@discordjs%2fcollection cache-miss
364 silly fetch manifest @sapphire/async-queue@^1.5.3
365 silly packumentCache full:https://registry.npmjs.org/@sapphire%2fasync-queue cache-miss
366 silly fetch manifest @vladfrangu/async_event_emitter@^2.4.6
367 silly packumentCache full:https://registry.npmjs.org/@vladfrangu%2fasync_event_emitter cache-miss
368 http cache https://registry.npmjs.org/@sapphire%2fsnowflake 119ms (cache hit)
369 silly packumentCache full:https://registry.npmjs.org/@sapphire%2fsnowflake set size:3056270 disposed:false
370 silly fetch manifest discord-api-types@^0.38.33
371 silly packumentCache full:https://registry.npmjs.org/discord-api-types cache-miss
372 http cache https://registry.npmjs.org/discord-api-types 432ms (cache hit)
373 silly packumentCache full:https://registry.npmjs.org/discord-api-types set size:8182011 disposed:false
374 silly fetch manifest discord-api-types@^0.38.1
375 silly packumentCache full:https://registry.npmjs.org/discord-api-types cache-miss
376 http cache https://registry.npmjs.org/@discordjs%2fcollection 1388ms (cache hit)
377 silly packumentCache full:https://registry.npmjs.org/@discordjs%2fcollection set size:5614076 disposed:false
378 silly fetch manifest @discordjs/collection@^2.1.0
379 silly packumentCache full:https://registry.npmjs.org/@discordjs%2fcollection cache-miss
380 http fetch GET 200 https://registry.npmjs.org/ts-mixer 1887ms (cache revalidated)
381 silly packumentCache full:https://registry.npmjs.org/ts-mixer set size:186053 disposed:false
382 silly fetch manifest @sapphire/async-queue@^1.5.2
383 silly packumentCache full:https://registry.npmjs.org/@sapphire%2fasync-queue cache-miss
384 http fetch GET 200 https://registry.npmjs.org/@vladfrangu%2fasync_event_emitter 1868ms (cache revalidated)
385 silly packumentCache full:https://registry.npmjs.org/@vladfrangu%2fasync_event_emitter set size:290320 disposed:false
386 silly fetch manifest @vladfrangu/async_event_emitter@^2.2.4
387 silly packumentCache full:https://registry.npmjs.org/@vladfrangu%2fasync_event_emitter cache-hit
388 http fetch GET 200 https://registry.npmjs.org/@sapphire%2fshapeshift 1964ms (cache revalidated)
389 silly packumentCache full:https://registry.npmjs.org/@sapphire%2fshapeshift set size:2120584 disposed:false
390 http fetch GET 200 https://registry.npmjs.org/@sapphire%2fasync-queue 2147ms (cache revalidated)
391 silly packumentCache full:https://registry.npmjs.org/@sapphire%2fasync-queue set size:2902259 disposed:false
392 http cache https://registry.npmjs.org/@discordjs%2fcollection 713ms (cache hit)
393 silly packumentCache full:https://registry.npmjs.org/@discordjs%2fcollection set size:5614076 disposed:false
394 http cache https://registry.npmjs.org/discord-api-types 2820ms (cache hit)
395 silly packumentCache full:https://registry.npmjs.org/discord-api-types set size:8182011 disposed:false
396 http cache https://registry.npmjs.org/discord-api-types 2520ms (cache hit)
397 silly packumentCache full:https://registry.npmjs.org/discord-api-types set size:8182011 disposed:false
398 http cache https://registry.npmjs.org/@sapphire%2fasync-queue 2632ms (cache hit)
399 silly packumentCache full:https://registry.npmjs.org/@sapphire%2fasync-queue set size:2902259 disposed:false
400 silly placeDep ROOT @sapphire/shapeshift@4.0.0 OK for: @discordjs/builders@1.14.1 want: ^4.0.0
401 silly placeDep node_modules/@discordjs/builders discord-api-types@0.38.48 OK for: @discordjs/builders@1.14.1 want: ^0.38.40
402 silly placeDep ROOT ts-mixer@6.0.4 OK for: @discordjs/builders@1.14.1 want: ^6.0.4
403 silly fetch manifest lodash@^4.17.21
404 silly packumentCache full:https://registry.npmjs.org/lodash cache-miss
405 http fetch GET 200 https://registry.npmjs.org/lodash 465ms (cache updated)
406 silly packumentCache full:https://registry.npmjs.org/lodash set size:undefined disposed:false
407 silly placeDep node_modules/@discordjs/formatters discord-api-types@0.38.48 OK for: @discordjs/formatters@0.6.2 want: ^0.38.33
408 silly placeDep node_modules/@discordjs/rest @discordjs/collection@2.1.1 OK for: @discordjs/rest@2.6.1 want: ^2.1.1
409 silly placeDep ROOT @sapphire/async-queue@1.5.5 OK for: @discordjs/rest@2.6.1 want: ^1.5.3
410 silly placeDep node_modules/@discordjs/rest @sapphire/snowflake@3.5.5 OK for: @discordjs/rest@2.6.1 want: ^3.5.5
411 silly placeDep ROOT @vladfrangu/async_event_emitter@2.4.7 OK for: @discordjs/rest@2.6.1 want: ^2.4.6
412 silly placeDep node_modules/@discordjs/rest discord-api-types@0.38.48 OK for: @discordjs/rest@2.6.1 want: ^0.38.40
413 silly placeDep node_modules/@discordjs/rest undici@6.24.1 OK for: @discordjs/rest@2.6.1 want: 6.24.1
414 silly placeDep node_modules/@discordjs/util discord-api-types@0.38.48 OK for: @discordjs/util@1.2.0 want: ^0.38.33
415 silly placeDep node_modules/@discordjs/ws @discordjs/collection@2.1.1 OK for: @discordjs/ws@1.2.3 want: ^2.1.0
416 silly placeDep node_modules/@discordjs/ws discord-api-types@0.38.48 OK for: @discordjs/ws@1.2.3 want: ^0.38.1
417 silly placeDep ROOT lodash@4.18.1 OK for: @sapphire/shapeshift@4.0.0 want: ^4.17.21
418 silly placeDep ROOT @derhuerst/http-basic@8.2.4 OK for: ffmpeg-static@5.3.0 want: ^8.2.0
419 silly placeDep ROOT env-paths@2.2.1 OK for: ffmpeg-static@5.3.0 want: ^2.2.0
420 silly placeDep node_modules/ffmpeg-static https-proxy-agent@5.0.1 OK for: ffmpeg-static@5.3.0 want: ^5.0.0
421 silly placeDep ROOT progress@2.0.3 OK for: ffmpeg-static@5.3.0 want: ^2.0.3
422 silly fetch manifest caseless@^0.12.0
423 silly packumentCache full:https://registry.npmjs.org/caseless cache-miss
424 silly fetch manifest concat-stream@^2.0.0
425 silly packumentCache full:https://registry.npmjs.org/concat-stream cache-miss
426 silly fetch manifest http-response-object@^3.0.1
427 silly packumentCache full:https://registry.npmjs.org/http-response-object cache-miss
428 silly fetch manifest parse-cache-control@^1.0.1
429 silly packumentCache full:https://registry.npmjs.org/parse-cache-control cache-miss
430 http fetch GET 200 https://registry.npmjs.org/concat-stream 180ms (cache revalidated)
431 silly packumentCache full:https://registry.npmjs.org/concat-stream set size:63783 disposed:false
432 http fetch GET 200 https://registry.npmjs.org/caseless 233ms (cache revalidated)
433 silly packumentCache full:https://registry.npmjs.org/caseless set size:17911 disposed:false
434 http fetch GET 200 https://registry.npmjs.org/parse-cache-control 235ms (cache revalidated)
435 silly packumentCache full:https://registry.npmjs.org/parse-cache-control set size:3324 disposed:false
436 http fetch GET 200 https://registry.npmjs.org/http-response-object 340ms (cache revalidated)
437 silly packumentCache full:https://registry.npmjs.org/http-response-object set size:18897 disposed:false
438 silly placeDep ROOT caseless@0.12.0 OK for: @derhuerst/http-basic@8.2.4 want: ^0.12.0
439 silly placeDep ROOT concat-stream@2.0.0 OK for: @derhuerst/http-basic@8.2.4 want: ^2.0.0
440 silly placeDep ROOT http-response-object@3.0.2 OK for: @derhuerst/http-basic@8.2.4 want: ^3.0.1
441 silly placeDep ROOT parse-cache-control@1.0.1 OK for: @derhuerst/http-basic@8.2.4 want: ^1.0.1
442 silly fetch manifest buffer-from@^1.0.0
443 silly packumentCache full:https://registry.npmjs.org/buffer-from cache-miss
444 silly fetch manifest inherits@^2.0.3
445 silly packumentCache full:https://registry.npmjs.org/inherits cache-miss
446 silly fetch manifest readable-stream@^3.0.2
447 silly packumentCache full:https://registry.npmjs.org/readable-stream cache-miss
448 silly fetch manifest typedarray@^0.0.6
449 silly packumentCache full:https://registry.npmjs.org/typedarray cache-miss
450 silly fetch manifest @types/node@^10.0.3
451 silly packumentCache full:https://registry.npmjs.org/@types%2fnode cache-miss
452 http cache https://registry.npmjs.org/@types%2fnode 249ms (cache hit)
453 silly packumentCache full:https://registry.npmjs.org/@types%2fnode set size:11033538 disposed:false
454 http fetch GET 200 https://registry.npmjs.org/buffer-from 1488ms (cache revalidated)
455 silly packumentCache full:https://registry.npmjs.org/buffer-from set size:15463 disposed:false
456 http fetch GET 200 https://registry.npmjs.org/readable-stream 1492ms (cache revalidated)
457 silly packumentCache full:https://registry.npmjs.org/readable-stream set size:261096 disposed:false
458 http fetch GET 200 https://registry.npmjs.org/inherits 1590ms (cache revalidated)
459 silly packumentCache full:https://registry.npmjs.org/inherits set size:12925 disposed:false
460 http fetch GET 200 https://registry.npmjs.org/typedarray 1595ms (cache revalidated)
461 silly packumentCache full:https://registry.npmjs.org/typedarray set size:18469 disposed:false
462 silly placeDep ROOT buffer-from@1.1.2 OK for: concat-stream@2.0.0 want: ^1.0.0
463 silly placeDep ROOT inherits@2.0.4 OK for: concat-stream@2.0.0 want: ^2.0.3
464 silly placeDep ROOT readable-stream@3.6.2 OK for: concat-stream@2.0.0 want: ^3.0.2
465 silly placeDep ROOT typedarray@0.0.6 OK for: concat-stream@2.0.0 want: ^0.0.6
466 silly fetch manifest string_decoder@^1.1.1
467 silly packumentCache full:https://registry.npmjs.org/string_decoder cache-miss
468 silly fetch manifest util-deprecate@^1.0.1
469 silly packumentCache full:https://registry.npmjs.org/util-deprecate cache-miss
470 http fetch GET 200 https://registry.npmjs.org/util-deprecate 154ms (cache revalidated)
471 silly packumentCache full:https://registry.npmjs.org/util-deprecate set size:6674 disposed:false
472 http fetch GET 200 https://registry.npmjs.org/string_decoder 189ms (cache revalidated)
473 silly packumentCache full:https://registry.npmjs.org/string_decoder set size:28441 disposed:false
474 silly placeDep ROOT asynckit@0.4.0 OK for: form-data@4.0.5 want: ^0.4.0
475 silly placeDep ROOT combined-stream@1.0.8 OK for: form-data@4.0.5 want: ^1.0.8
476 silly placeDep ROOT es-set-tostringtag@2.1.0 OK for: form-data@4.0.5 want: ^2.1.0
477 silly placeDep ROOT hasown@2.0.4 OK for: form-data@4.0.5 want: ^2.0.2
478 silly placeDep ROOT mime-types@2.1.35 OK for: form-data@4.0.5 want: ^2.1.12
479 silly fetch manifest delayed-stream@~1.0.0
480 silly packumentCache full:https://registry.npmjs.org/delayed-stream cache-miss
481 silly fetch manifest es-errors@^1.3.0
482 silly packumentCache full:https://registry.npmjs.org/es-errors cache-miss
483 silly fetch manifest get-intrinsic@^1.2.6
484 silly packumentCache full:https://registry.npmjs.org/get-intrinsic cache-miss
485 silly fetch manifest has-tostringtag@^1.0.2
486 silly packumentCache full:https://registry.npmjs.org/has-tostringtag cache-miss
487 silly fetch manifest function-bind@^1.1.2
488 silly packumentCache full:https://registry.npmjs.org/function-bind cache-miss
489 silly fetch manifest mime-db@1.52.0
490 silly packumentCache full:https://registry.npmjs.org/mime-db cache-miss
491 http fetch GET 200 https://registry.npmjs.org/delayed-stream 210ms (cache revalidated)
492 silly packumentCache full:https://registry.npmjs.org/delayed-stream set size:15820 disposed:false
493 http fetch GET 200 https://registry.npmjs.org/get-intrinsic 249ms (cache revalidated)
494 silly packumentCache full:https://registry.npmjs.org/get-intrinsic set size:60985 disposed:false
495 http fetch GET 200 https://registry.npmjs.org/es-errors 281ms (cache revalidated)
496 silly packumentCache full:https://registry.npmjs.org/es-errors set size:16918 disposed:false
497 http fetch GET 200 https://registry.npmjs.org/has-tostringtag 287ms (cache revalidated)
498 silly packumentCache full:https://registry.npmjs.org/has-tostringtag set size:13945 disposed:false
499 http fetch GET 200 https://registry.npmjs.org/mime-db 291ms (cache revalidated)
500 silly packumentCache full:https://registry.npmjs.org/mime-db set size:164953 disposed:false
501 http fetch GET 200 https://registry.npmjs.org/function-bind 339ms (cache revalidated)
502 silly packumentCache full:https://registry.npmjs.org/function-bind set size:15733 disposed:false
503 silly placeDep ROOT delayed-stream@1.0.0 OK for: combined-stream@1.0.8 want: ~1.0.0
504 silly placeDep ROOT es-errors@1.3.0 OK for: es-set-tostringtag@2.1.0 want: ^1.3.0
505 silly placeDep ROOT get-intrinsic@1.3.0 OK for: es-set-tostringtag@2.1.0 want: ^1.2.6
506 silly placeDep ROOT has-tostringtag@1.0.2 OK for: es-set-tostringtag@2.1.0 want: ^1.0.2
507 silly fetch manifest gopd@^1.2.0
508 silly packumentCache full:https://registry.npmjs.org/gopd cache-miss
509 silly fetch manifest get-proto@^1.0.1
510 silly packumentCache full:https://registry.npmjs.org/get-proto cache-miss
511 silly fetch manifest has-symbols@^1.1.0
512 silly packumentCache full:https://registry.npmjs.org/has-symbols cache-miss
513 silly fetch manifest es-object-atoms@^1.1.1
514 silly packumentCache full:https://registry.npmjs.org/es-object-atoms cache-miss
515 silly fetch manifest math-intrinsics@^1.1.0
516 silly packumentCache full:https://registry.npmjs.org/math-intrinsics cache-miss
517 silly fetch manifest es-define-property@^1.0.1
518 silly packumentCache full:https://registry.npmjs.org/es-define-property cache-miss
519 silly fetch manifest call-bind-apply-helpers@^1.0.2
520 silly packumentCache full:https://registry.npmjs.org/call-bind-apply-helpers cache-miss
521 http fetch GET 200 https://registry.npmjs.org/has-symbols 228ms (cache revalidated)
522 silly packumentCache full:https://registry.npmjs.org/has-symbols set size:21550 disposed:false
523 silly fetch manifest has-symbols@^1.0.3
524 silly packumentCache full:https://registry.npmjs.org/has-symbols cache-hit
525 http fetch GET 200 https://registry.npmjs.org/es-object-atoms 252ms (cache revalidated)
526 silly packumentCache full:https://registry.npmjs.org/es-object-atoms set size:18278 disposed:false
527 http fetch GET 200 https://registry.npmjs.org/gopd 320ms (cache revalidated)
528 silly packumentCache full:https://registry.npmjs.org/gopd set size:11458 disposed:false
529 http fetch GET 200 https://registry.npmjs.org/get-proto 333ms (cache revalidated)
530 silly packumentCache full:https://registry.npmjs.org/get-proto set size:8300 disposed:false
531 http fetch GET 200 https://registry.npmjs.org/math-intrinsics 326ms (cache revalidated)
532 silly packumentCache full:https://registry.npmjs.org/math-intrinsics set size:9265 disposed:false
533 http fetch GET 200 https://registry.npmjs.org/call-bind-apply-helpers 314ms (cache revalidated)
534 silly packumentCache full:https://registry.npmjs.org/call-bind-apply-helpers set size:12744 disposed:false
535 http fetch GET 200 https://registry.npmjs.org/es-define-property 343ms (cache revalidated)
536 silly packumentCache full:https://registry.npmjs.org/es-define-property set size:8542 disposed:false
537 silly placeDep ROOT call-bind-apply-helpers@1.0.2 OK for: get-intrinsic@1.3.0 want: ^1.0.2
538 silly placeDep ROOT es-define-property@1.0.1 OK for: get-intrinsic@1.3.0 want: ^1.0.1
539 silly placeDep ROOT es-object-atoms@1.1.2 OK for: get-intrinsic@1.3.0 want: ^1.1.1
540 silly placeDep ROOT function-bind@1.1.2 OK for: get-intrinsic@1.3.0 want: ^1.1.2
541 silly placeDep ROOT get-proto@1.0.1 OK for: get-intrinsic@1.3.0 want: ^1.0.1
542 silly placeDep ROOT gopd@1.2.0 OK for: get-intrinsic@1.3.0 want: ^1.2.0
543 silly placeDep ROOT has-symbols@1.1.0 OK for: get-intrinsic@1.3.0 want: ^1.1.0
544 silly placeDep ROOT math-intrinsics@1.1.0 OK for: get-intrinsic@1.3.0 want: ^1.1.0
545 silly fetch manifest dunder-proto@^1.0.1
546 silly packumentCache full:https://registry.npmjs.org/dunder-proto cache-miss
547 http fetch GET 200 https://registry.npmjs.org/dunder-proto 141ms (cache revalidated)
548 silly packumentCache full:https://registry.npmjs.org/dunder-proto set size:8256 disposed:false
549 silly placeDep ROOT dunder-proto@1.0.1 OK for: get-proto@1.0.1 want: ^1.0.1
550 silly placeDep ROOT agent-base@9.0.0 OK for: http-cookie-agent@7.0.4 want: ^9.0.0
551 silly placeDep node_modules/http-response-object @types/node@10.17.60 OK for: http-response-object@3.0.2 want: ^10.0.3
552 silly placeDep node_modules/https-proxy-agent agent-base@7.1.4 OK for: https-proxy-agent@7.0.6 want: ^7.1.2
553 silly placeDep ROOT debug@4.4.3 OK for: https-proxy-agent@7.0.6 want: 4
554 silly fetch manifest ms@^2.1.3
555 silly packumentCache full:https://registry.npmjs.org/ms cache-miss
556 http fetch GET 200 https://registry.npmjs.org/ms 155ms (cache revalidated)
557 silly packumentCache full:https://registry.npmjs.org/ms set size:92208 disposed:false
558 silly placeDep ROOT ms@2.1.3 OK for: debug@4.4.3 want: ^2.1.3
559 silly placeDep ROOT mime-db@1.52.0 OK for: mime-types@2.1.35 want: 1.52.0
560 silly placeDep ROOT string_decoder@1.3.0 OK for: readable-stream@3.6.2 want: ^1.1.1
561 silly placeDep ROOT util-deprecate@1.0.2 OK for: readable-stream@3.6.2 want: ^1.0.1
562 silly fetch manifest safe-buffer@~5.2.0
563 silly packumentCache full:https://registry.npmjs.org/safe-buffer cache-miss
564 http fetch GET 200 https://registry.npmjs.org/safe-buffer 176ms (cache revalidated)
565 silly packumentCache full:https://registry.npmjs.org/safe-buffer set size:41183 disposed:false
566 silly placeDep ROOT @babel/runtime@7.29.7 OK for: soundcloud-downloader@0.2.4 want: ^7.10.3
567 silly placeDep node_modules/soundcloud-downloader axios@0.21.4 OK for: soundcloud-downloader@0.2.4 want: ^0.21.0
568 silly placeDep node_modules/soundcloud-downloader dotenv@8.6.0 OK for: soundcloud-downloader@0.2.4 want: ^8.2.0
569 silly placeDep ROOT soundcloud-key-fetch@1.0.13 OK for: soundcloud-downloader@0.2.4 want: ^1.0.10
570 silly placeDep ROOT himalaya@1.1.1 OK for: spotify-url-info@3.3.0 want: ~1.1.0
571 silly placeDep ROOT spotify-uri@4.1.0 OK for: spotify-url-info@3.3.0 want: ~4.1.0
572 silly placeDep ROOT safe-buffer@5.2.1 OK for: string_decoder@1.3.0 want: ~5.2.0
573 silly placeDep ROOT tldts@6.1.86 OK for: tough-cookie@5.1.2 want: ^6.1.32
574 silly fetch manifest tldts-core@^6.1.86
575 silly packumentCache full:https://registry.npmjs.org/tldts-core cache-miss
576 http fetch GET 200 https://registry.npmjs.org/tldts-core 185ms (cache revalidated)
577 silly packumentCache full:https://registry.npmjs.org/tldts-core set size:3082599 disposed:false
578 silly placeDep ROOT tldts-core@6.1.86 OK for: tldts@6.1.86 want: ^6.1.86
579 silly placeDep ROOT async.parallellimit@0.5.2 OK for: yt-search@2.13.1 want: ~0.5.2
580 silly placeDep ROOT boolstring@2.0.1 OK for: yt-search@2.13.1 want: ~2.0.1
581 silly placeDep ROOT cheerio@1.2.0 OK for: yt-search@2.13.1 want: ^1.0.0-rc.10
582 silly placeDep ROOT dasu@0.4.3 OK for: yt-search@2.13.1 want: ~0.4.3
583 silly placeDep ROOT human-time@0.0.2 OK for: yt-search@2.13.1 want: 0.0.2
584 silly placeDep ROOT jsonpath-plus@10.3.0 OK for: yt-search@2.13.1 want: ~10.3.0
585 silly placeDep ROOT minimist@1.2.8 OK for: yt-search@2.13.1 want: ~1.2.5
586 silly placeDep ROOT node-fzf@0.14.0 OK for: yt-search@2.13.1 want: ~0.14.0
587 silly fetch manifest async.util.eachoflimit@0.5.2
588 silly packumentCache full:https://registry.npmjs.org/async.util.eachoflimit cache-miss
589 silly fetch manifest async.util.parallel@0.5.2
590 silly packumentCache full:https://registry.npmjs.org/async.util.parallel cache-miss
591 silly fetch manifest parse5@^7.3.0
592 silly packumentCache full:https://registry.npmjs.org/parse5 cache-miss
593 silly fetch manifest domutils@^3.2.2
594 silly packumentCache full:https://registry.npmjs.org/domutils cache-miss
595 silly fetch manifest domhandler@^5.0.3
596 silly packumentCache full:https://registry.npmjs.org/domhandler cache-miss
597 silly fetch manifest htmlparser2@^10.1.0
598 silly packumentCache full:https://registry.npmjs.org/htmlparser2 cache-miss
599 silly fetch manifest cheerio-select@^2.1.0
600 silly packumentCache full:https://registry.npmjs.org/cheerio-select cache-miss
601 http fetch GET 200 https://registry.npmjs.org/parse5 462ms (cache revalidated)
602 silly packumentCache full:https://registry.npmjs.org/parse5 set size:123116 disposed:false
603 silly fetch manifest dom-serializer@^2.0.0
604 silly packumentCache full:https://registry.npmjs.org/dom-serializer cache-miss
605 http fetch GET 200 https://registry.npmjs.org/async.util.parallel 506ms (cache revalidated)
606 silly packumentCache full:https://registry.npmjs.org/async.util.parallel set size:12947 disposed:false
607 silly fetch manifest whatwg-mimetype@^4.0.0
608 silly packumentCache full:https://registry.npmjs.org/whatwg-mimetype cache-miss
609 http fetch GET 200 https://registry.npmjs.org/async.util.eachoflimit 528ms (cache revalidated)
610 silly packumentCache full:https://registry.npmjs.org/async.util.eachoflimit set size:14559 disposed:false
611 silly fetch manifest encoding-sniffer@^0.2.1
612 silly packumentCache full:https://registry.npmjs.org/encoding-sniffer cache-miss
613 http fetch GET 200 https://registry.npmjs.org/domutils 530ms (cache revalidated)
614 silly packumentCache full:https://registry.npmjs.org/domutils set size:110068 disposed:false
615 silly fetch manifest parse5-parser-stream@^7.1.2
616 silly packumentCache full:https://registry.npmjs.org/parse5-parser-stream cache-miss
617 http fetch GET 200 https://registry.npmjs.org/domhandler 565ms (cache revalidated)
618 silly packumentCache full:https://registry.npmjs.org/domhandler set size:78187 disposed:false
619 silly fetch manifest parse5-htmlparser2-tree-adapter@^7.1.0
620 silly packumentCache full:https://registry.npmjs.org/parse5-htmlparser2-tree-adapter cache-miss
621 http fetch GET 200 https://registry.npmjs.org/htmlparser2 599ms (cache revalidated)
622 silly packumentCache full:https://registry.npmjs.org/htmlparser2 set size:176911 disposed:false
623 silly fetch manifest jsep@^1.4.0
624 silly packumentCache full:https://registry.npmjs.org/jsep cache-miss
625 http fetch GET 200 https://registry.npmjs.org/cheerio-select 652ms (cache revalidated)
626 silly packumentCache full:https://registry.npmjs.org/cheerio-select set size:36915 disposed:false
627 silly fetch manifest @jsep-plugin/regex@^1.0.4
628 silly packumentCache full:https://registry.npmjs.org/@jsep-plugin%2fregex cache-miss
629 http fetch GET 200 https://registry.npmjs.org/whatwg-mimetype 346ms (cache revalidated)
630 silly packumentCache full:https://registry.npmjs.org/whatwg-mimetype set size:28179 disposed:false
631 silly fetch manifest @jsep-plugin/assignment@^1.3.0
632 silly packumentCache full:https://registry.npmjs.org/@jsep-plugin%2fassignment cache-miss
633 http fetch GET 200 https://registry.npmjs.org/encoding-sniffer 388ms (cache revalidated)
634 silly packumentCache full:https://registry.npmjs.org/encoding-sniffer set size:33052 disposed:false
635 silly fetch manifest keypress@~0.2.1
636 silly packumentCache full:https://registry.npmjs.org/keypress cache-miss
637 http fetch GET 200 https://registry.npmjs.org/parse5-parser-stream 390ms (cache revalidated)
638 silly packumentCache full:https://registry.npmjs.org/parse5-parser-stream set size:21978 disposed:false
639 silly fetch manifest picocolors@~1.1.1
640 silly packumentCache full:https://registry.npmjs.org/picocolors cache-miss
641 http fetch GET 200 https://registry.npmjs.org/dom-serializer 483ms (cache revalidated)
642 silly packumentCache full:https://registry.npmjs.org/dom-serializer set size:61296 disposed:false
643 silly fetch manifest redstar@0.0.2
644 silly packumentCache full:https://registry.npmjs.org/redstar cache-miss
645 http fetch GET 200 https://registry.npmjs.org/parse5-htmlparser2-tree-adapter 399ms (cache revalidated)
646 silly packumentCache full:https://registry.npmjs.org/parse5-htmlparser2-tree-adapter set size:24244 disposed:false
647 silly fetch manifest restore-cursor@~3.1.0
648 silly packumentCache full:https://registry.npmjs.org/restore-cursor cache-miss
649 http fetch GET 200 https://registry.npmjs.org/jsep 366ms (cache revalidated)
650 silly packumentCache full:https://registry.npmjs.org/jsep set size:104519 disposed:false
651 silly fetch manifest string-width@~2.1.1
652 silly packumentCache full:https://registry.npmjs.org/string-width cache-miss
653 http fetch GET 200 https://registry.npmjs.org/@jsep-plugin%2fregex 390ms (cache revalidated)
654 silly packumentCache full:https://registry.npmjs.org/@jsep-plugin%2fregex set size:15586 disposed:false
655 silly fetch manifest ttys@0.0.3
656 silly packumentCache full:https://registry.npmjs.org/ttys cache-miss
657 http fetch GET 200 https://registry.npmjs.org/keypress 274ms (cache revalidated)
658 silly packumentCache full:https://registry.npmjs.org/keypress set size:22392 disposed:false
659 http fetch GET 200 https://registry.npmjs.org/picocolors 281ms (cache revalidated)
660 silly packumentCache full:https://registry.npmjs.org/picocolors set size:16648 disposed:false
661 http fetch GET 200 https://registry.npmjs.org/redstar 277ms (cache revalidated)
662 silly packumentCache full:https://registry.npmjs.org/redstar set size:4083 disposed:false
663 http fetch GET 200 https://registry.npmjs.org/restore-cursor 273ms (cache revalidated)
664 silly packumentCache full:https://registry.npmjs.org/restore-cursor set size:17895 disposed:false
665 http fetch GET 200 https://registry.npmjs.org/string-width 246ms (cache revalidated)
666 silly packumentCache full:https://registry.npmjs.org/string-width set size:70381 disposed:false
667 http fetch GET 200 https://registry.npmjs.org/ttys 222ms (cache revalidated)
668 silly packumentCache full:https://registry.npmjs.org/ttys set size:7012 disposed:false
669 http fetch GET 200 https://registry.npmjs.org/@jsep-plugin%2fassignment 745ms (cache revalidated)
670 silly packumentCache full:https://registry.npmjs.org/@jsep-plugin%2fassignment set size:21097 disposed:false
671 silly placeDep ROOT async.util.eachoflimit@0.5.2 OK for: async.parallellimit@0.5.2 want: 0.5.2
672 silly placeDep ROOT async.util.parallel@0.5.2 OK for: async.parallellimit@0.5.2 want: 0.5.2
673 silly fetch manifest async.util.keyiterator@0.5.2
674 silly packumentCache full:https://registry.npmjs.org/async.util.keyiterator cache-miss
675 silly fetch manifest async.util.noop@0.5.2
676 silly packumentCache full:https://registry.npmjs.org/async.util.noop cache-miss
677 silly fetch manifest async.util.once@0.5.2
678 silly packumentCache full:https://registry.npmjs.org/async.util.once cache-miss
679 silly fetch manifest async.util.onlyonce@0.5.2
680 silly packumentCache full:https://registry.npmjs.org/async.util.onlyonce cache-miss
681 silly fetch manifest async.util.isarraylike@0.5.2
682 silly packumentCache full:https://registry.npmjs.org/async.util.isarraylike cache-miss
683 silly fetch manifest async.util.noop@0.5.2
684 silly packumentCache full:https://registry.npmjs.org/async.util.noop cache-miss
685 silly fetch manifest async.util.restparam@0.5.2
686 silly packumentCache full:https://registry.npmjs.org/async.util.restparam cache-miss
687 http fetch GET 200 https://registry.npmjs.org/async.util.once 186ms (cache revalidated)
688 silly packumentCache full:https://registry.npmjs.org/async.util.once set size:13159 disposed:false
689 http fetch GET 200 https://registry.npmjs.org/async.util.noop 226ms (cache revalidated)
690 silly packumentCache full:https://registry.npmjs.org/async.util.noop set size:13159 disposed:false
691 http fetch GET 200 https://registry.npmjs.org/async.util.noop 246ms (cache revalidated)
692 silly packumentCache full:https://registry.npmjs.org/async.util.noop set size:13159 disposed:false
693 silly packumentCache full:https://registry.npmjs.org/async.util.noop dispose
694 http fetch GET 200 https://registry.npmjs.org/async.util.onlyonce 256ms (cache revalidated)
695 silly packumentCache full:https://registry.npmjs.org/async.util.onlyonce set size:13431 disposed:false
696 http fetch GET 200 https://registry.npmjs.org/async.util.isarraylike 265ms (cache revalidated)
697 silly packumentCache full:https://registry.npmjs.org/async.util.isarraylike set size:13957 disposed:false
698 http fetch GET 200 https://registry.npmjs.org/async.util.keyiterator 287ms (cache revalidated)
699 silly packumentCache full:https://registry.npmjs.org/async.util.keyiterator set size:14167 disposed:false
700 http fetch GET 200 https://registry.npmjs.org/async.util.restparam 280ms (cache revalidated)
701 silly packumentCache full:https://registry.npmjs.org/async.util.restparam set size:14423 disposed:false
702 silly placeDep ROOT async.util.keyiterator@0.5.2 OK for: async.util.eachoflimit@0.5.2 want: 0.5.2
703 silly placeDep ROOT async.util.noop@0.5.2 OK for: async.util.eachoflimit@0.5.2 want: 0.5.2
704 silly placeDep ROOT async.util.once@0.5.2 OK for: async.util.eachoflimit@0.5.2 want: 0.5.2
705 silly placeDep ROOT async.util.onlyonce@0.5.2 OK for: async.util.eachoflimit@0.5.2 want: 0.5.2
706 silly fetch manifest async.util.keys@0.5.2
707 silly packumentCache full:https://registry.npmjs.org/async.util.keys cache-miss
708 http fetch GET 200 https://registry.npmjs.org/async.util.keys 118ms (cache revalidated)
709 silly packumentCache full:https://registry.npmjs.org/async.util.keys set size:13159 disposed:false
710 silly placeDep ROOT async.util.isarraylike@0.5.2 OK for: async.util.keyiterator@0.5.2 want: 0.5.2
711 silly placeDep ROOT async.util.keys@0.5.2 OK for: async.util.keyiterator@0.5.2 want: 0.5.2
712 silly fetch manifest async.util.isarray@0.5.2
713 silly packumentCache full:https://registry.npmjs.org/async.util.isarray cache-miss
714 http fetch GET 200 https://registry.npmjs.org/async.util.isarray 117ms (cache revalidated)
715 silly packumentCache full:https://registry.npmjs.org/async.util.isarray set size:13363 disposed:false
716 silly placeDep ROOT async.util.isarray@0.5.2 OK for: async.util.isarraylike@0.5.2 want: 0.5.2
717 silly placeDep ROOT async.util.restparam@0.5.2 OK for: async.util.parallel@0.5.2 want: 0.5.2
718 silly placeDep ROOT cheerio-select@2.1.0 OK for: cheerio@1.2.0 want: ^2.1.0
719 silly placeDep ROOT dom-serializer@2.0.0 OK for: cheerio@1.2.0 want: ^2.0.0
720 silly placeDep ROOT domhandler@5.0.3 OK for: cheerio@1.2.0 want: ^5.0.3
721 silly placeDep ROOT domutils@3.2.2 OK for: cheerio@1.2.0 want: ^3.2.2
722 silly placeDep ROOT encoding-sniffer@0.2.1 OK for: cheerio@1.2.0 want: ^0.2.1
723 silly placeDep ROOT htmlparser2@10.1.0 OK for: cheerio@1.2.0 want: ^10.1.0
724 silly placeDep ROOT parse5@7.3.0 OK for: cheerio@1.2.0 want: ^7.3.0
725 silly placeDep ROOT parse5-htmlparser2-tree-adapter@7.1.0 OK for: cheerio@1.2.0 want: ^7.1.0
726 silly placeDep ROOT parse5-parser-stream@7.1.2 OK for: cheerio@1.2.0 want: ^7.1.2
727 silly placeDep ROOT whatwg-mimetype@4.0.0 OK for: cheerio@1.2.0 want: ^4.0.0
728 silly fetch manifest boolbase@^1.0.0
729 silly packumentCache full:https://registry.npmjs.org/boolbase cache-miss
730 silly fetch manifest css-what@^6.1.0
731 silly packumentCache full:https://registry.npmjs.org/css-what cache-miss
732 silly fetch manifest domutils@^3.0.1
733 silly packumentCache full:https://registry.npmjs.org/domutils cache-hit
734 silly fetch manifest css-select@^5.1.0
735 silly packumentCache full:https://registry.npmjs.org/css-select cache-miss
736 silly fetch manifest domelementtype@^2.3.0
737 silly packumentCache full:https://registry.npmjs.org/domelementtype cache-miss
738 silly fetch manifest entities@^4.2.0
739 silly packumentCache full:https://registry.npmjs.org/entities cache-miss
740 silly fetch manifest domhandler@^5.0.2
741 silly packumentCache full:https://registry.npmjs.org/domhandler cache-hit
742 silly fetch manifest domelementtype@^2.3.0
743 silly packumentCache full:https://registry.npmjs.org/domelementtype cache-miss
744 silly fetch manifest domelementtype@^2.3.0
745 silly packumentCache full:https://registry.npmjs.org/domelementtype cache-miss
746 http fetch GET 200 https://registry.npmjs.org/boolbase 185ms (cache revalidated)
747 silly packumentCache full:https://registry.npmjs.org/boolbase set size:4438 disposed:false
748 silly fetch manifest domelementtype@^2.3.0
749 silly packumentCache full:https://registry.npmjs.org/domelementtype cache-miss
750 http fetch GET 200 https://registry.npmjs.org/domelementtype 215ms (cache revalidated)
751 silly packumentCache full:https://registry.npmjs.org/domelementtype set size:33363 disposed:false
752 silly fetch manifest iconv-lite@^0.6.3
753 silly packumentCache full:https://registry.npmjs.org/iconv-lite cache-miss
754 http fetch GET 200 https://registry.npmjs.org/domelementtype 231ms (cache revalidated)
755 silly packumentCache full:https://registry.npmjs.org/domelementtype set size:33363 disposed:false
756 silly packumentCache full:https://registry.npmjs.org/domelementtype dispose
757 silly fetch manifest whatwg-encoding@^3.1.1
758 silly packumentCache full:https://registry.npmjs.org/whatwg-encoding cache-miss
759 http fetch GET 200 https://registry.npmjs.org/css-select 277ms (cache revalidated)
760 silly packumentCache full:https://registry.npmjs.org/css-select set size:111202 disposed:false
761 silly fetch manifest entities@^7.0.1
762 silly packumentCache full:https://registry.npmjs.org/entities cache-miss
763 http fetch GET 200 https://registry.npmjs.org/css-what 309ms (cache revalidated)
764 silly packumentCache full:https://registry.npmjs.org/css-what set size:81721 disposed:false
765 silly fetch manifest entities@^6.0.0
766 silly packumentCache full:https://registry.npmjs.org/entities cache-miss
767 http fetch GET 200 https://registry.npmjs.org/domelementtype 294ms (cache revalidated)
768 silly packumentCache full:https://registry.npmjs.org/domelementtype set size:33363 disposed:true
769 silly packumentCache full:https://registry.npmjs.org/domelementtype dispose
770 http fetch GET 200 https://registry.npmjs.org/entities 340ms (cache revalidated)
771 silly packumentCache full:https://registry.npmjs.org/entities set size:101550 disposed:false
772 http cache https://registry.npmjs.org/domelementtype 204ms (cache hit)
773 silly packumentCache full:https://registry.npmjs.org/domelementtype set size:33363 disposed:true
774 silly packumentCache full:https://registry.npmjs.org/domelementtype dispose
775 http cache https://registry.npmjs.org/entities 113ms (cache hit)
776 silly packumentCache full:https://registry.npmjs.org/entities set size:101550 disposed:false
777 silly packumentCache full:https://registry.npmjs.org/entities dispose
778 http cache https://registry.npmjs.org/entities 156ms (cache hit)
779 silly packumentCache full:https://registry.npmjs.org/entities set size:101550 disposed:true
780 silly packumentCache full:https://registry.npmjs.org/entities dispose
781 http fetch GET 200 https://registry.npmjs.org/iconv-lite 266ms (cache revalidated)
782 silly packumentCache full:https://registry.npmjs.org/iconv-lite set size:120557 disposed:false
783 http fetch GET 200 https://registry.npmjs.org/whatwg-encoding 278ms (cache revalidated)
784 silly packumentCache full:https://registry.npmjs.org/whatwg-encoding set size:25704 disposed:false
785 silly placeDep ROOT boolbase@1.0.0 OK for: cheerio-select@2.1.0 want: ^1.0.0
786 silly placeDep ROOT css-select@5.2.2 OK for: cheerio-select@2.1.0 want: ^5.1.0
787 silly placeDep ROOT css-what@6.2.2 OK for: cheerio-select@2.1.0 want: ^6.1.0
788 silly placeDep ROOT domelementtype@2.3.0 OK for: cheerio-select@2.1.0 want: ^2.3.0
789 silly fetch manifest nth-check@^2.0.1
790 silly packumentCache full:https://registry.npmjs.org/nth-check cache-miss
791 http fetch GET 200 https://registry.npmjs.org/nth-check 114ms (cache revalidated)
792 silly packumentCache full:https://registry.npmjs.org/nth-check set size:27445 disposed:false
793 silly placeDep ROOT nth-check@2.1.1 OK for: css-select@5.2.2 want: ^2.0.1
794 silly placeDep ROOT entities@4.5.0 OK for: dom-serializer@2.0.0 want: ^4.2.0
795 silly placeDep ROOT iconv-lite@0.6.3 OK for: encoding-sniffer@0.2.1 want: ^0.6.3
796 silly placeDep ROOT whatwg-encoding@3.1.1 OK for: encoding-sniffer@0.2.1 want: ^3.1.1
797 silly fetch manifest safer-buffer@>= 2.1.2 < 3.0.0
798 silly packumentCache full:https://registry.npmjs.org/safer-buffer cache-miss
799 http fetch GET 200 https://registry.npmjs.org/safer-buffer 112ms (cache revalidated)
800 silly packumentCache full:https://registry.npmjs.org/safer-buffer set size:18521 disposed:false
801 silly placeDep node_modules/htmlparser2 entities@7.0.1 OK for: htmlparser2@10.1.0 want: ^7.0.1
802 silly placeDep ROOT safer-buffer@2.1.2 OK for: iconv-lite@0.6.3 want: >= 2.1.2 < 3.0.0
803 silly placeDep ROOT @jsep-plugin/assignment@1.3.0 OK for: jsonpath-plus@10.3.0 want: ^1.3.0
804 silly placeDep ROOT jsep@1.4.0 OK for: @jsep-plugin/assignment@1.3.0 want: ^0.4.0||^1.0.0
805 silly placeDep ROOT @jsep-plugin/regex@1.0.4 OK for: jsonpath-plus@10.3.0 want: ^1.0.4
806 silly placeDep ROOT keypress@0.2.1 OK for: node-fzf@0.14.0 want: ~0.2.1
807 silly placeDep ROOT picocolors@1.1.1 OK for: node-fzf@0.14.0 want: ~1.1.1
808 silly placeDep ROOT redstar@0.0.2 OK for: node-fzf@0.14.0 want: 0.0.2
809 silly placeDep ROOT restore-cursor@3.1.0 OK for: node-fzf@0.14.0 want: ~3.1.0
810 silly placeDep ROOT string-width@2.1.1 OK for: node-fzf@0.14.0 want: ~2.1.1
811 silly placeDep ROOT ttys@0.0.3 OK for: node-fzf@0.14.0 want: 0.0.3
812 silly fetch manifest minimatch@~3.0.4
813 silly packumentCache full:https://registry.npmjs.org/minimatch cache-miss
814 silly fetch manifest onetime@^5.1.0
815 silly packumentCache full:https://registry.npmjs.org/onetime cache-miss
816 silly fetch manifest signal-exit@^3.0.2
817 silly packumentCache full:https://registry.npmjs.org/signal-exit cache-miss
818 silly fetch manifest strip-ansi@^4.0.0
819 silly packumentCache full:https://registry.npmjs.org/strip-ansi cache-miss
820 silly fetch manifest is-fullwidth-code-point@^2.0.0
821 silly packumentCache full:https://registry.npmjs.org/is-fullwidth-code-point cache-miss
822 http fetch GET 200 https://registry.npmjs.org/signal-exit 144ms (cache revalidated)
823 silly packumentCache full:https://registry.npmjs.org/signal-exit set size:53489 disposed:false
824 http fetch GET 200 https://registry.npmjs.org/minimatch 171ms (cache revalidated)
825 silly packumentCache full:https://registry.npmjs.org/minimatch set size:375282 disposed:false
826 http fetch GET 200 https://registry.npmjs.org/is-fullwidth-code-point 249ms (cache revalidated)
827 silly packumentCache full:https://registry.npmjs.org/is-fullwidth-code-point set size:14578 disposed:false
828 http fetch GET 200 https://registry.npmjs.org/strip-ansi 262ms (cache revalidated)
829 silly packumentCache full:https://registry.npmjs.org/strip-ansi set size:44998 disposed:false
830 http fetch GET 200 https://registry.npmjs.org/onetime 284ms (cache revalidated)
831 silly packumentCache full:https://registry.npmjs.org/onetime set size:32314 disposed:false
832 silly placeDep node_modules/parse5 entities@6.0.1 OK for: parse5@7.3.0 want: ^6.0.0
833 silly placeDep ROOT minimatch@3.0.8 OK for: redstar@0.0.2 want: ~3.0.4
834 silly fetch manifest brace-expansion@^1.1.7
835 silly packumentCache full:https://registry.npmjs.org/brace-expansion cache-miss
836 http fetch GET 200 https://registry.npmjs.org/brace-expansion 112ms (cache revalidated)
837 silly packumentCache full:https://registry.npmjs.org/brace-expansion set size:72152 disposed:false
838 silly placeDep ROOT brace-expansion@1.1.15 OK for: minimatch@3.0.8 want: ^1.1.7
839 silly fetch manifest balanced-match@^1.0.0
840 silly packumentCache full:https://registry.npmjs.org/balanced-match cache-miss
841 silly fetch manifest concat-map@0.0.1
842 silly packumentCache full:https://registry.npmjs.org/concat-map cache-miss
843 http fetch GET 200 https://registry.npmjs.org/balanced-match 156ms (cache revalidated)
844 silly packumentCache full:https://registry.npmjs.org/balanced-match set size:39082 disposed:false
845 http fetch GET 200 https://registry.npmjs.org/concat-map 165ms (cache revalidated)
846 silly packumentCache full:https://registry.npmjs.org/concat-map set size:9290 disposed:false
847 silly placeDep ROOT balanced-match@1.0.2 OK for: brace-expansion@1.1.15 want: ^1.0.0
848 silly placeDep ROOT concat-map@0.0.1 OK for: brace-expansion@1.1.15 want: 0.0.1
849 silly placeDep ROOT onetime@5.1.2 OK for: restore-cursor@3.1.0 want: ^5.1.0
850 silly placeDep ROOT signal-exit@3.0.7 OK for: restore-cursor@3.1.0 want: ^3.0.2
851 silly fetch manifest mimic-fn@^2.1.0
852 silly packumentCache full:https://registry.npmjs.org/mimic-fn cache-miss
853 http fetch GET 200 https://registry.npmjs.org/mimic-fn 113ms (cache revalidated)
854 silly packumentCache full:https://registry.npmjs.org/mimic-fn set size:22257 disposed:false
855 silly placeDep ROOT mimic-fn@2.1.0 OK for: onetime@5.1.2 want: ^2.1.0
856 silly placeDep ROOT is-fullwidth-code-point@2.0.0 OK for: string-width@2.1.1 want: ^2.0.0
857 silly placeDep ROOT strip-ansi@4.0.0 OK for: string-width@2.1.1 want: ^4.0.0
858 silly fetch manifest ansi-regex@^3.0.0
859 silly packumentCache full:https://registry.npmjs.org/ansi-regex cache-miss
860 http fetch GET 200 https://registry.npmjs.org/ansi-regex 126ms (cache revalidated)
861 silly packumentCache full:https://registry.npmjs.org/ansi-regex set size:43572 disposed:false
862 silly placeDep ROOT ansi-regex@3.0.1 OK for: strip-ansi@4.0.0 want: ^3.0.0
863 silly placeDep node_modules/axios agent-base@6.0.2 OK for: https-proxy-agent@5.0.1 want: 6
864 silly placeDep node_modules/ffmpeg-static agent-base@6.0.2 OK for: https-proxy-agent@5.0.1 want: 6
865 silly reify moves {}
866 silly audit bulk request {
866 silly audit   '@discordjs/voice': [ '0.16.1' ],
866 silly audit   '@distube/ytdl-core': [ '4.16.12' ],
866 silly audit   axios: [ '1.17.0', '0.21.4' ],
866 silly audit   'discord.js': [ '14.26.4' ],
866 silly audit   dotenv: [ '16.6.1', '8.6.0' ],
866 silly audit   'ffmpeg-static': [ '5.3.0' ],
866 silly audit   'soundcloud-downloader': [ '0.2.4' ],
866 silly audit   'spotify-url-info': [ '3.3.0' ],
866 silly audit   'yt-search': [ '2.13.1' ],
866 silly audit   'ytdl-core': [ '4.11.5' ],
866 silly audit   '@types/ws': [ '8.18.1' ],
866 silly audit   'discord-api-types': [ '0.37.61', '0.38.48' ],
866 silly audit   'prism-media': [ '1.3.5' ],
866 silly audit   tslib: [ '2.8.1' ],
866 silly audit   ws: [ '8.21.0' ],
866 silly audit   'http-cookie-agent': [ '7.0.4' ],
866 silly audit   'tough-cookie': [ '5.1.2' ],
866 silly audit   'https-proxy-agent': [ '7.0.6', '5.0.1' ],
866 silly audit   m3u8stream: [ '0.8.6' ],
866 silly audit   miniget: [ '4.2.3' ],
866 silly audit   sax: [ '1.6.0' ],
866 silly audit   undici: [ '7.27.2', '6.24.1' ],
866 silly audit   '@types/node': [ '25.9.2', '10.17.60' ],
866 silly audit   'undici-types': [ '7.24.6' ],
866 silly audit   'follow-redirects': [ '1.16.0' ],
866 silly audit   'form-data': [ '4.0.5' ],
866 silly audit   'proxy-from-env': [ '2.1.0' ],
866 silly audit   '@discordjs/builders': [ '1.14.1' ],
866 silly audit   '@discordjs/collection': [ '1.5.3', '2.1.1' ],
866 silly audit   '@discordjs/formatters': [ '0.6.2' ],
866 silly audit   '@discordjs/rest': [ '2.6.1' ],
866 silly audit   '@discordjs/util': [ '1.2.0' ],
866 silly audit   '@discordjs/ws': [ '1.2.3' ],
866 silly audit   '@sapphire/snowflake': [ '3.5.3', '3.5.5' ],
866 silly audit   'fast-deep-equal': [ '3.1.3' ],
866 silly audit   'lodash.snakecase': [ '4.1.1' ],
866 silly audit   'magic-bytes.js': [ '1.13.0' ],
866 silly audit   '@sapphire/shapeshift': [ '4.0.0' ],
866 silly audit   'ts-mixer': [ '6.0.4' ],
866 silly audit   '@sapphire/async-queue': [ '1.5.5' ],
866 silly audit   '@vladfrangu/async_event_emitter': [ '2.4.7' ],
866 silly audit   lodash: [ '4.18.1' ],
866 silly audit   '@derhuerst/http-basic': [ '8.2.4' ],
866 silly audit   'env-paths': [ '2.2.1' ],
866 silly audit   progress: [ '2.0.3' ],
866 silly audit   caseless: [ '0.12.0' ],
866 silly audit   'concat-stream': [ '2.0.0' ],
866 silly audit   'http-response-object': [ '3.0.2' ],
866 silly audit   'parse-cache-control': [ '1.0.1' ],
866 silly audit   'buffer-from': [ '1.1.2' ],
866 silly audit   inherits: [ '2.0.4' ],
866 silly audit   'readable-stream': [ '3.6.2' ],
866 silly audit   typedarray: [ '0.0.6' ],
866 silly audit   asynckit: [ '0.4.0' ],
866 silly audit   'combined-stream': [ '1.0.8' ],
866 silly audit   'es-set-tostringtag': [ '2.1.0' ],
866 silly audit   hasown: [ '2.0.4' ],
866 silly audit   'mime-types': [ '2.1.35' ],
866 silly audit   'delayed-stream': [ '1.0.0' ],
866 silly audit   'es-errors': [ '1.3.0' ],
866 silly audit   'get-intrinsic': [ '1.3.0' ],
866 silly audit   'has-tostringtag': [ '1.0.2' ],
866 silly audit   'call-bind-apply-helpers': [ '1.0.2' ],
866 silly audit   'es-define-property': [ '1.0.1' ],
866 silly audit   'es-object-atoms': [ '1.1.2' ],
866 silly audit   'function-bind': [ '1.1.2' ],
866 silly audit   'get-proto': [ '1.0.1' ],
866 silly audit   gopd: [ '1.2.0' ],
866 silly audit   'has-symbols': [ '1.1.0' ],
866 silly audit   'math-intrinsics': [ '1.1.0' ],
866 silly audit   'dunder-proto': [ '1.0.1' ],
866 silly audit   'agent-base': [ '9.0.0', '7.1.4', '6.0.2' ],
866 silly audit   debug: [ '4.4.3' ],
866 silly audit   ms: [ '2.1.3' ],
866 silly audit   'mime-db': [ '1.52.0' ],
866 silly audit   string_decoder: [ '1.3.0' ],
866 silly audit   'util-deprecate': [ '1.0.2' ],
866 silly audit   '@babel/runtime': [ '7.29.7' ],
866 silly audit   'soundcloud-key-fetch': [ '1.0.13' ],
866 silly audit   himalaya: [ '1.1.1' ],
866 silly audit   'spotify-uri': [ '4.1.0' ],
866 silly audit   'safe-buffer': [ '5.2.1' ],
866 silly audit   tldts: [ '6.1.86' ],
866 silly audit   'tldts-core': [ '6.1.86' ],
866 silly audit   'async.parallellimit': [ '0.5.2' ],
866 silly audit   boolstring: [ '2.0.1' ],
866 silly audit   cheerio: [ '1.2.0' ],
866 silly audit   dasu: [ '0.4.3' ],
866 silly audit   'human-time': [ '0.0.2' ],
866 silly audit   'jsonpath-plus': [ '10.3.0' ],
866 silly audit   minimist: [ '1.2.8' ],
866 silly audit   'node-fzf': [ '0.14.0' ],
866 silly audit   'async.util.eachoflimit': [ '0.5.2' ],
866 silly audit   'async.util.parallel': [ '0.5.2' ],
866 silly audit   'async.util.keyiterator': [ '0.5.2' ],
866 silly audit   'async.util.noop': [ '0.5.2' ],
866 silly audit   'async.util.once': [ '0.5.2' ],
866 silly audit   'async.util.onlyonce': [ '0.5.2' ],
866 silly audit   'async.util.isarraylike': [ '0.5.2' ],
866 silly audit   'async.util.keys': [ '0.5.2' ],
866 silly audit   'async.util.isarray': [ '0.5.2' ],
866 silly audit   'async.util.restparam': [ '0.5.2' ],
866 silly audit   'cheerio-select': [ '2.1.0' ],
866 silly audit   'dom-serializer': [ '2.0.0' ],
866 silly audit   domhandler: [ '5.0.3' ],
866 silly audit   domutils: [ '3.2.2' ],
866 silly audit   'encoding-sniffer': [ '0.2.1' ],
866 silly audit   htmlparser2: [ '10.1.0' ],
866 silly audit   parse5: [ '7.3.0' ],
866 silly audit   'parse5-htmlparser2-tree-adapter': [ '7.1.0' ],
866 silly audit   'parse5-parser-stream': [ '7.1.2' ],
866 silly audit   'whatwg-mimetype': [ '4.0.0' ],
866 silly audit   boolbase: [ '1.0.0' ],
866 silly audit   'css-select': [ '5.2.2' ],
866 silly audit   'css-what': [ '6.2.2' ],
866 silly audit   domelementtype: [ '2.3.0' ],
866 silly audit   'nth-check': [ '2.1.1' ],
866 silly audit   entities: [ '4.5.0', '7.0.1', '6.0.1' ],
866 silly audit   'iconv-lite': [ '0.6.3' ],
866 silly audit   'whatwg-encoding': [ '3.1.1' ],
866 silly audit   'safer-buffer': [ '2.1.2' ],
866 silly audit   '@jsep-plugin/assignment': [ '1.3.0' ],
866 silly audit   jsep: [ '1.4.0' ],
866 silly audit   '@jsep-plugin/regex': [ '1.0.4' ],
866 silly audit   keypress: [ '0.2.1' ],
866 silly audit   picocolors: [ '1.1.1' ],
866 silly audit   redstar: [ '0.0.2' ],
866 silly audit   'restore-cursor': [ '3.1.0' ],
866 silly audit   'string-width': [ '2.1.1' ],
866 silly audit   ttys: [ '0.0.3' ],
866 silly audit   minimatch: [ '3.0.8' ],
866 silly audit   'brace-expansion': [ '1.1.15' ],
866 silly audit   'balanced-match': [ '1.0.2' ],
866 silly audit   'concat-map': [ '0.0.1' ],
866 silly audit   onetime: [ '5.1.2' ],
866 silly audit   'signal-exit': [ '3.0.7' ],
866 silly audit   'mimic-fn': [ '2.1.0' ],
866 silly audit   'is-fullwidth-code-point': [ '2.0.0' ],
866 silly audit   'strip-ansi': [ '4.0.0' ],
866 silly audit   'ansi-regex': [ '3.0.1' ]
866 silly audit }
867 http cache ansi-regex@https://registry.npmjs.org/ansi-regex/-/ansi-regex-3.0.1.tgz 0ms (cache hit)
868 http cache strip-ansi@https://registry.npmjs.org/strip-ansi/-/strip-ansi-4.0.0.tgz 0ms (cache hit)
869 http cache is-fullwidth-code-point@https://registry.npmjs.org/is-fullwidth-code-point/-/is-fullwidth-code-point-2.0.0.tgz 1ms (cache hit)
870 http cache mimic-fn@https://registry.npmjs.org/mimic-fn/-/mimic-fn-2.1.0.tgz 1ms (cache hit)
871 http cache signal-exit@https://registry.npmjs.org/signal-exit/-/signal-exit-3.0.7.tgz 0ms (cache hit)
872 http cache onetime@https://registry.npmjs.org/onetime/-/onetime-5.1.2.tgz 0ms (cache hit)
873 http cache concat-map@https://registry.npmjs.org/concat-map/-/concat-map-0.0.1.tgz 0ms (cache hit)
874 http cache balanced-match@https://registry.npmjs.org/balanced-match/-/balanced-match-1.0.2.tgz 0ms (cache hit)
875 http cache brace-expansion@https://registry.npmjs.org/brace-expansion/-/brace-expansion-1.1.15.tgz 1ms (cache hit)
876 http cache minimatch@https://registry.npmjs.org/minimatch/-/minimatch-3.0.8.tgz 0ms (cache hit)
877 http cache ttys@https://registry.npmjs.org/ttys/-/ttys-0.0.3.tgz 1ms (cache hit)
878 http cache string-width@https://registry.npmjs.org/string-width/-/string-width-2.1.1.tgz 0ms (cache hit)
879 http cache restore-cursor@https://registry.npmjs.org/restore-cursor/-/restore-cursor-3.1.0.tgz 0ms (cache hit)
880 http cache redstar@https://registry.npmjs.org/redstar/-/redstar-0.0.2.tgz 0ms (cache hit)
881 http cache picocolors@https://registry.npmjs.org/picocolors/-/picocolors-1.1.1.tgz 0ms (cache hit)
882 http cache keypress@https://registry.npmjs.org/keypress/-/keypress-0.2.1.tgz 0ms (cache hit)
883 http cache @jsep-plugin/regex@https://registry.npmjs.org/@jsep-plugin/regex/-/regex-1.0.4.tgz 0ms (cache hit)
884 http cache jsep@https://registry.npmjs.org/jsep/-/jsep-1.4.0.tgz 0ms (cache hit)
885 http cache @jsep-plugin/assignment@https://registry.npmjs.org/@jsep-plugin/assignment/-/assignment-1.3.0.tgz 0ms (cache hit)
886 http cache safer-buffer@https://registry.npmjs.org/safer-buffer/-/safer-buffer-2.1.2.tgz 1ms (cache hit)
887 http cache whatwg-encoding@https://registry.npmjs.org/whatwg-encoding/-/whatwg-encoding-3.1.1.tgz 1ms (cache hit)
888 http cache iconv-lite@https://registry.npmjs.org/iconv-lite/-/iconv-lite-0.6.3.tgz 1ms (cache hit)
889 http cache entities@https://registry.npmjs.org/entities/-/entities-4.5.0.tgz 0ms (cache hit)
890 http cache nth-check@https://registry.npmjs.org/nth-check/-/nth-check-2.1.1.tgz 0ms (cache hit)
891 http cache domelementtype@https://registry.npmjs.org/domelementtype/-/domelementtype-2.3.0.tgz 0ms (cache hit)
892 http cache css-what@https://registry.npmjs.org/css-what/-/css-what-6.2.2.tgz 1ms (cache hit)
893 http cache css-select@https://registry.npmjs.org/css-select/-/css-select-5.2.2.tgz 0ms (cache hit)
894 http cache boolbase@https://registry.npmjs.org/boolbase/-/boolbase-1.0.0.tgz 0ms (cache hit)
895 http cache whatwg-mimetype@https://registry.npmjs.org/whatwg-mimetype/-/whatwg-mimetype-4.0.0.tgz 0ms (cache hit)
896 http cache parse5-parser-stream@https://registry.npmjs.org/parse5-parser-stream/-/parse5-parser-stream-7.1.2.tgz 0ms (cache hit)
897 http cache parse5-htmlparser2-tree-adapter@https://registry.npmjs.org/parse5-htmlparser2-tree-adapter/-/parse5-htmlparser2-tree-adapter-7.1.0.tgz 1ms (cache hit)
898 http cache parse5@https://registry.npmjs.org/parse5/-/parse5-7.3.0.tgz 1ms (cache hit)
899 http cache htmlparser2@https://registry.npmjs.org/htmlparser2/-/htmlparser2-10.1.0.tgz 1ms (cache hit)
900 http cache encoding-sniffer@https://registry.npmjs.org/encoding-sniffer/-/encoding-sniffer-0.2.1.tgz 0ms (cache hit)
901 http cache domutils@https://registry.npmjs.org/domutils/-/domutils-3.2.2.tgz 0ms (cache hit)
902 http cache domhandler@https://registry.npmjs.org/domhandler/-/domhandler-5.0.3.tgz 0ms (cache hit)
903 http cache dom-serializer@https://registry.npmjs.org/dom-serializer/-/dom-serializer-2.0.0.tgz 1ms (cache hit)
904 http cache cheerio-select@https://registry.npmjs.org/cheerio-select/-/cheerio-select-2.1.0.tgz 0ms (cache hit)
905 http cache async.util.restparam@https://registry.npmjs.org/async.util.restparam/-/async.util.restparam-0.5.2.tgz 0ms (cache hit)
906 http cache async.util.isarray@https://registry.npmjs.org/async.util.isarray/-/async.util.isarray-0.5.2.tgz 1ms (cache hit)
907 http cache async.util.keys@https://registry.npmjs.org/async.util.keys/-/async.util.keys-0.5.2.tgz 0ms (cache hit)
908 http cache async.util.isarraylike@https://registry.npmjs.org/async.util.isarraylike/-/async.util.isarraylike-0.5.2.tgz 0ms (cache hit)
909 http cache async.util.onlyonce@https://registry.npmjs.org/async.util.onlyonce/-/async.util.onlyonce-0.5.2.tgz 0ms (cache hit)
910 http cache async.util.once@https://registry.npmjs.org/async.util.once/-/async.util.once-0.5.2.tgz 1ms (cache hit)
911 http cache async.util.keyiterator@https://registry.npmjs.org/async.util.keyiterator/-/async.util.keyiterator-0.5.2.tgz 1ms (cache hit)
912 http cache async.util.parallel@https://registry.npmjs.org/async.util.parallel/-/async.util.parallel-0.5.2.tgz 0ms (cache hit)
913 http cache async.util.eachoflimit@https://registry.npmjs.org/async.util.eachoflimit/-/async.util.eachoflimit-0.5.2.tgz 0ms (cache hit)
914 http cache node-fzf@https://registry.npmjs.org/node-fzf/-/node-fzf-0.14.0.tgz 0ms (cache hit)
915 http cache jsonpath-plus@https://registry.npmjs.org/jsonpath-plus/-/jsonpath-plus-10.3.0.tgz 0ms (cache hit)
916 http cache minimist@https://registry.npmjs.org/minimist/-/minimist-1.2.8.tgz 0ms (cache hit)
917 http cache human-time@https://registry.npmjs.org/human-time/-/human-time-0.0.2.tgz 0ms (cache hit)
918 http cache cheerio@https://registry.npmjs.org/cheerio/-/cheerio-1.2.0.tgz 0ms (cache hit)
919 http cache dasu@https://registry.npmjs.org/dasu/-/dasu-0.4.3.tgz 0ms (cache hit)
920 http cache boolstring@https://registry.npmjs.org/boolstring/-/boolstring-2.0.1.tgz 0ms (cache hit)
921 http cache async.parallellimit@https://registry.npmjs.org/async.parallellimit/-/async.parallellimit-0.5.2.tgz 0ms (cache hit)
922 http cache tldts-core@https://registry.npmjs.org/tldts-core/-/tldts-core-6.1.86.tgz 0ms (cache hit)
923 http cache tldts@https://registry.npmjs.org/tldts/-/tldts-6.1.86.tgz 0ms (cache hit)
924 http cache safe-buffer@https://registry.npmjs.org/safe-buffer/-/safe-buffer-5.2.1.tgz 0ms (cache hit)
925 http cache spotify-uri@https://registry.npmjs.org/spotify-uri/-/spotify-uri-4.1.0.tgz 0ms (cache hit)
926 http cache himalaya@https://registry.npmjs.org/himalaya/-/himalaya-1.1.1.tgz 0ms (cache hit)
927 http cache soundcloud-key-fetch@https://registry.npmjs.org/soundcloud-key-fetch/-/soundcloud-key-fetch-1.0.13.tgz 0ms (cache hit)
928 http cache @babel/runtime@https://registry.npmjs.org/@babel/runtime/-/runtime-7.29.7.tgz 1ms (cache hit)
929 http cache util-deprecate@https://registry.npmjs.org/util-deprecate/-/util-deprecate-1.0.2.tgz 0ms (cache hit)
930 http cache string_decoder@https://registry.npmjs.org/string_decoder/-/string_decoder-1.3.0.tgz 0ms (cache hit)
931 http cache mime-db@https://registry.npmjs.org/mime-db/-/mime-db-1.52.0.tgz 0ms (cache hit)
932 http cache ms@https://registry.npmjs.org/ms/-/ms-2.1.3.tgz 1ms (cache hit)
933 http cache debug@https://registry.npmjs.org/debug/-/debug-4.4.3.tgz 0ms (cache hit)
934 http cache agent-base@https://registry.npmjs.org/agent-base/-/agent-base-9.0.0.tgz 0ms (cache hit)
935 http cache dunder-proto@https://registry.npmjs.org/dunder-proto/-/dunder-proto-1.0.1.tgz 0ms (cache hit)
936 http cache math-intrinsics@https://registry.npmjs.org/math-intrinsics/-/math-intrinsics-1.1.0.tgz 0ms (cache hit)
937 http cache has-symbols@https://registry.npmjs.org/has-symbols/-/has-symbols-1.1.0.tgz 0ms (cache hit)
938 http cache gopd@https://registry.npmjs.org/gopd/-/gopd-1.2.0.tgz 0ms (cache hit)
939 http cache get-proto@https://registry.npmjs.org/get-proto/-/get-proto-1.0.1.tgz 0ms (cache hit)
940 http cache function-bind@https://registry.npmjs.org/function-bind/-/function-bind-1.1.2.tgz 1ms (cache hit)
941 http cache es-define-property@https://registry.npmjs.org/es-define-property/-/es-define-property-1.0.1.tgz 0ms (cache hit)
942 http cache call-bind-apply-helpers@https://registry.npmjs.org/call-bind-apply-helpers/-/call-bind-apply-helpers-1.0.2.tgz 0ms (cache hit)
943 http cache has-tostringtag@https://registry.npmjs.org/has-tostringtag/-/has-tostringtag-1.0.2.tgz 0ms (cache hit)
944 http cache es-object-atoms@https://registry.npmjs.org/es-object-atoms/-/es-object-atoms-1.1.2.tgz 0ms (cache hit)
945 http cache get-intrinsic@https://registry.npmjs.org/get-intrinsic/-/get-intrinsic-1.3.0.tgz 0ms (cache hit)
946 http cache es-errors@https://registry.npmjs.org/es-errors/-/es-errors-1.3.0.tgz 0ms (cache hit)
947 http cache delayed-stream@https://registry.npmjs.org/delayed-stream/-/delayed-stream-1.0.0.tgz 1ms (cache hit)
948 http cache mime-types@https://registry.npmjs.org/mime-types/-/mime-types-2.1.35.tgz 0ms (cache hit)
949 http cache hasown@https://registry.npmjs.org/hasown/-/hasown-2.0.4.tgz 1ms (cache hit)
950 http cache es-set-tostringtag@https://registry.npmjs.org/es-set-tostringtag/-/es-set-tostringtag-2.1.0.tgz 0ms (cache hit)
951 http cache combined-stream@https://registry.npmjs.org/combined-stream/-/combined-stream-1.0.8.tgz 0ms (cache hit)
952 http cache asynckit@https://registry.npmjs.org/asynckit/-/asynckit-0.4.0.tgz 0ms (cache hit)
953 http cache typedarray@https://registry.npmjs.org/typedarray/-/typedarray-0.0.6.tgz 0ms (cache hit)
954 http cache readable-stream@https://registry.npmjs.org/readable-stream/-/readable-stream-3.6.2.tgz 0ms (cache hit)
955 http cache inherits@https://registry.npmjs.org/inherits/-/inherits-2.0.4.tgz 1ms (cache hit)
956 http cache buffer-from@https://registry.npmjs.org/buffer-from/-/buffer-from-1.1.2.tgz 0ms (cache hit)
957 http cache parse-cache-control@https://registry.npmjs.org/parse-cache-control/-/parse-cache-control-1.0.1.tgz 0ms (cache hit)
958 http cache http-response-object@https://registry.npmjs.org/http-response-object/-/http-response-object-3.0.2.tgz 0ms (cache hit)
959 http cache concat-stream@https://registry.npmjs.org/concat-stream/-/concat-stream-2.0.0.tgz 1ms (cache hit)
960 http cache caseless@https://registry.npmjs.org/caseless/-/caseless-0.12.0.tgz 0ms (cache hit)
961 http cache progress@https://registry.npmjs.org/progress/-/progress-2.0.3.tgz 0ms (cache hit)
962 http cache env-paths@https://registry.npmjs.org/env-paths/-/env-paths-2.2.1.tgz 0ms (cache hit)
963 http cache lodash@https://registry.npmjs.org/lodash/-/lodash-4.18.1.tgz 0ms (cache hit)
964 http cache @vladfrangu/async_event_emitter@https://registry.npmjs.org/@vladfrangu/async_event_emitter/-/async_event_emitter-2.4.7.tgz 1ms (cache hit)
965 http cache @sapphire/async-queue@https://registry.npmjs.org/@sapphire/async-queue/-/async-queue-1.5.5.tgz 0ms (cache hit)
966 http cache ts-mixer@https://registry.npmjs.org/ts-mixer/-/ts-mixer-6.0.4.tgz 0ms (cache hit)
967 http cache @derhuerst/http-basic@https://registry.npmjs.org/@derhuerst/http-basic/-/http-basic-8.2.4.tgz 0ms (cache hit)
968 http cache @sapphire/shapeshift@https://registry.npmjs.org/@sapphire/shapeshift/-/shapeshift-4.0.0.tgz 0ms (cache hit)
969 http cache lodash.snakecase@https://registry.npmjs.org/lodash.snakecase/-/lodash.snakecase-4.1.1.tgz 1ms (cache hit)
970 http cache magic-bytes.js@https://registry.npmjs.org/magic-bytes.js/-/magic-bytes.js-1.13.0.tgz 0ms (cache hit)
971 http cache fast-deep-equal@https://registry.npmjs.org/fast-deep-equal/-/fast-deep-equal-3.1.3.tgz 0ms (cache hit)
972 http cache @sapphire/snowflake@https://registry.npmjs.org/@sapphire/snowflake/-/snowflake-3.5.3.tgz 0ms (cache hit)
973 http cache @discordjs/ws@https://registry.npmjs.org/@discordjs/ws/-/ws-1.2.3.tgz 0ms (cache hit)
974 http cache @discordjs/util@https://registry.npmjs.org/@discordjs/util/-/util-1.2.0.tgz 1ms (cache hit)
975 http cache @discordjs/rest@https://registry.npmjs.org/@discordjs/rest/-/rest-2.6.1.tgz 0ms (cache hit)
976 http cache @discordjs/formatters@https://registry.npmjs.org/@discordjs/formatters/-/formatters-0.6.2.tgz 1ms (cache hit)
977 http cache @discordjs/collection@https://registry.npmjs.org/@discordjs/collection/-/collection-1.5.3.tgz 0ms (cache hit)
978 http cache @discordjs/builders@https://registry.npmjs.org/@discordjs/builders/-/builders-1.14.1.tgz 0ms (cache hit)
979 http cache proxy-from-env@https://registry.npmjs.org/proxy-from-env/-/proxy-from-env-2.1.0.tgz 0ms (cache hit)
980 http cache form-data@https://registry.npmjs.org/form-data/-/form-data-4.0.5.tgz 0ms (cache hit)
981 http cache follow-redirects@https://registry.npmjs.org/follow-redirects/-/follow-redirects-1.16.0.tgz 0ms (cache hit)
982 http cache undici-types@https://registry.npmjs.org/undici-types/-/undici-types-7.24.6.tgz 0ms (cache hit)
983 http cache @types/node@https://registry.npmjs.org/@types/node/-/node-25.9.2.tgz 0ms (cache hit)
984 http cache undici@https://registry.npmjs.org/undici/-/undici-7.27.2.tgz 0ms (cache hit)
985 http cache sax@https://registry.npmjs.org/sax/-/sax-1.6.0.tgz 0ms (cache hit)
986 http cache miniget@https://registry.npmjs.org/miniget/-/miniget-4.2.3.tgz 0ms (cache hit)
987 http cache m3u8stream@https://registry.npmjs.org/m3u8stream/-/m3u8stream-0.8.6.tgz 0ms (cache hit)
988 http cache https-proxy-agent@https://registry.npmjs.org/https-proxy-agent/-/https-proxy-agent-7.0.6.tgz 0ms (cache hit)
989 http cache tough-cookie@https://registry.npmjs.org/tough-cookie/-/tough-cookie-5.1.2.tgz 0ms (cache hit)
990 http cache http-cookie-agent@https://registry.npmjs.org/http-cookie-agent/-/http-cookie-agent-7.0.4.tgz 0ms (cache hit)
991 http cache ws@https://registry.npmjs.org/ws/-/ws-8.21.0.tgz 0ms (cache hit)
992 http cache tslib@https://registry.npmjs.org/tslib/-/tslib-2.8.1.tgz 0ms (cache hit)
993 http cache prism-media@https://registry.npmjs.org/prism-media/-/prism-media-1.3.5.tgz 0ms (cache hit)
994 http cache @types/ws@https://registry.npmjs.org/@types/ws/-/ws-8.18.1.tgz 0ms (cache hit)
995 http cache ytdl-core@https://registry.npmjs.org/ytdl-core/-/ytdl-core-4.11.5.tgz 1ms (cache hit)
996 http cache yt-search@https://registry.npmjs.org/yt-search/-/yt-search-2.13.1.tgz 0ms (cache hit)
997 http cache spotify-url-info@https://registry.npmjs.org/spotify-url-info/-/spotify-url-info-3.3.0.tgz 0ms (cache hit)
998 http cache soundcloud-downloader@https://registry.npmjs.org/soundcloud-downloader/-/soundcloud-downloader-0.2.4.tgz 0ms (cache hit)
999 http cache dotenv@https://registry.npmjs.org/dotenv/-/dotenv-16.6.1.tgz 0ms (cache hit)
1000 http cache ffmpeg-static@https://registry.npmjs.org/ffmpeg-static/-/ffmpeg-static-5.3.0.tgz 1ms (cache hit)
1001 http cache discord.js@https://registry.npmjs.org/discord.js/-/discord.js-14.26.4.tgz 1ms (cache hit)
1002 http cache axios@https://registry.npmjs.org/axios/-/axios-1.17.0.tgz 0ms (cache hit)
1003 http cache @distube/ytdl-core@https://registry.npmjs.org/@distube/ytdl-core/-/ytdl-core-4.16.12.tgz 0ms (cache hit)
1004 http cache async.util.noop@https://registry.npmjs.org/async.util.noop/-/async.util.noop-0.5.2.tgz 1ms (cache hit)
1005 http cache @discordjs/voice@https://registry.npmjs.org/@discordjs/voice/-/voice-0.16.1.tgz 0ms (cache hit)
1006 http cache discord-api-types@https://registry.npmjs.org/discord-api-types/-/discord-api-types-0.37.61.tgz 0ms (cache hit)
1007 http cache entities@https://registry.npmjs.org/entities/-/entities-6.0.1.tgz 0ms (cache hit)
1008 http cache entities@https://registry.npmjs.org/entities/-/entities-7.0.1.tgz 0ms (cache hit)
1009 http cache @types/node@https://registry.npmjs.org/@types/node/-/node-10.17.60.tgz 0ms (cache hit)
1010 http cache discord-api-types@https://registry.npmjs.org/discord-api-types/-/discord-api-types-0.38.48.tgz 0ms (cache hit)
1011 http cache @discordjs/collection@https://registry.npmjs.org/@discordjs/collection/-/collection-2.1.1.tgz 0ms (cache hit)
1012 http cache discord-api-types@https://registry.npmjs.org/discord-api-types/-/discord-api-types-0.38.48.tgz 0ms (cache hit)
1013 http cache undici@https://registry.npmjs.org/undici/-/undici-6.24.1.tgz 0ms (cache hit)
1014 http cache discord-api-types@https://registry.npmjs.org/discord-api-types/-/discord-api-types-0.38.48.tgz 0ms (cache hit)
1015 http cache @sapphire/snowflake@https://registry.npmjs.org/@sapphire/snowflake/-/snowflake-3.5.5.tgz 0ms (cache hit)
1016 http cache @discordjs/collection@https://registry.npmjs.org/@discordjs/collection/-/collection-2.1.1.tgz 0ms (cache hit)
1017 http cache discord-api-types@https://registry.npmjs.org/discord-api-types/-/discord-api-types-0.38.48.tgz 0ms (cache hit)
1018 http cache discord-api-types@https://registry.npmjs.org/discord-api-types/-/discord-api-types-0.38.48.tgz 0ms (cache hit)
1019 http cache agent-base@https://registry.npmjs.org/agent-base/-/agent-base-7.1.4.tgz 1ms (cache hit)
1020 http cache dotenv@https://registry.npmjs.org/dotenv/-/dotenv-8.6.0.tgz 0ms (cache hit)
1021 http cache axios@https://registry.npmjs.org/axios/-/axios-0.21.4.tgz 0ms (cache hit)
1022 http cache agent-base@https://registry.npmjs.org/agent-base/-/agent-base-6.0.2.tgz 0ms (cache hit)
1023 http cache https-proxy-agent@https://registry.npmjs.org/https-proxy-agent/-/https-proxy-agent-5.0.1.tgz 0ms (cache hit)
1024 http cache undici@https://registry.npmjs.org/undici/-/undici-6.24.1.tgz 0ms (cache hit)
1025 http cache discord-api-types@https://registry.npmjs.org/discord-api-types/-/discord-api-types-0.38.48.tgz 0ms (cache hit)
1026 http cache agent-base@https://registry.npmjs.org/agent-base/-/agent-base-6.0.2.tgz 0ms (cache hit)
1027 http cache https-proxy-agent@https://registry.npmjs.org/https-proxy-agent/-/https-proxy-agent-5.0.1.tgz 1ms (cache hit)
1028 http fetch POST 200 https://registry.npmjs.org/-/npm/v1/security/advisories/bulk 1524ms
1029 silly audit report {
1029 silly audit report   axios: [
1029 silly audit report     {
1029 silly audit report       id: 1111034,
1029 silly audit report       url: 'https://github.com/advisories/GHSA-jr5f-v2jv-69x6',
1029 silly audit report       title: 'axios Requests Vulnerable To Possible SSRF and Credential Leakage via Absolute URL',
1029 silly audit report       severity: 'high',
1029 silly audit report       vulnerable_versions: '<0.30.0',
1029 silly audit report       cwe: [Array],
1029 silly audit report       cvss: [Object]
1029 silly audit report     },
1029 silly audit report     {
1029 silly audit report       id: 1119403,
1029 silly audit report       url: 'https://github.com/advisories/GHSA-fvcv-3m26-pcqx',
1029 silly audit report       title: 'Axios has Unrestricted Cloud Metadata Exfiltration via Header Injection Chain',
1029 silly audit report       severity: 'moderate',
1029 silly audit report       vulnerable_versions: '<0.31.0',
1029 silly audit report       cwe: [Array],
1029 silly audit report       cvss: [Object]
1029 silly audit report     },
1029 silly audit report     {
1029 silly audit report       id: 1119666,
1029 silly audit report       url: 'https://github.com/advisories/GHSA-pjwm-pj3p-43mv',
1029 silly audit report       title: "axios's shouldBypassProxy does not recognize IPv4-mapped IPv6 addresses, allowing NO_PROXY bypass (incomplete fix for CVE-2025-62718)",
1029 silly audit report       severity: 'high',
1029 silly audit report       vulnerable_versions: '<=0.31.1',
1029 silly audit report       cwe: [Array],
1029 silly audit report       cvss: [Object]
1029 silly audit report     },
1029 silly audit report     {
1029 silly audit report       id: 1119668,
1029 silly audit report       url: 'https://github.com/advisories/GHSA-898c-q2cr-xwhg',
1029 silly audit report       title: 'axios has DoS & Header Injection via Prototype Pollution Read-Side Gadgets in axios merge functions',
1029 silly audit report       severity: 'moderate',
1029 silly audit report       vulnerable_versions: '<=0.31.1',
1029 silly audit report       cwe: [Array],
1029 silly audit report       cvss: [Object]
1029 silly audit report     },
1029 silly audit report     {
1029 silly audit report       id: 1119673,
1029 silly audit report       url: 'https://github.com/advisories/GHSA-3g43-6gmg-66jw',
1029 silly audit report       title: 'axios Vulnerable to Credential Theft and Response Hijacking via Prototype Pollution Gadget in Config Merge',
1029 silly audit report       severity: 'high',
1029 silly audit report       vulnerable_versions: '>=0.19.0 <0.31.1',
1029 silly audit report       cwe: [Array],
1029 silly audit report       cvss: [Object]
1029 silly audit report     },
1029 silly audit report     {
1029 silly audit report       id: 1120072,
1029 silly audit report       url: 'https://github.com/advisories/GHSA-hfxv-24rg-xrqf',
1029 silly audit report       title: 'Axios: Regular Expression Denial of Service (ReDoS) via Cookie Name Injection',
1029 silly audit report       severity: 'high',
1029 silly audit report       vulnerable_versions: '<=0.31.1',
1029 silly audit report       cwe: [Array],
1029 silly audit report       cvss: [Object]
1029 silly audit report     },
1029 silly audit report     {
1029 silly audit report       id: 1120075,
1029 silly audit report       url: 'https://github.com/advisories/GHSA-p92q-9vqr-4j8v',
1029 silly audit report       title: 'Axios: Proxy-Authorization Credential Leak to Origin Server Across HTTP-to-HTTPS Redirect in Axios Node.js HTTP Adapter',
1029 silly audit report       severity: 'high',
1029 silly audit report       vulnerable_versions: '<=0.31.1',
1029 silly audit report       cwe: [Array],
1029 silly audit report       cvss: [Object]
1029 silly audit report     },
1029 silly audit report     {
1029 silly audit report       id: 1120077,
1029 silly audit report       url: 'https://github.com/advisories/GHSA-j5f8-grm9-p9fc',
1029 silly audit report       title: 'Axios: Proxy-Authorization header leaks to redirect target when proxy is re-evaluated to direct connection',
1029 silly audit report       severity: 'high',
1029 silly audit report       vulnerable_versions: '<=0.31.1',
1029 silly audit report       cwe: [Array],
1029 silly audit report       cvss: [Object]
1029 silly audit report     },
1029 silly audit report     {
1029 silly audit report       id: 1116672,
1029 silly audit report       url: 'https://github.com/advisories/GHSA-3p68-rc4w-qgx5',
1029 silly audit report       title: 'Axios has a NO_PROXY Hostname Normalization Bypass that Leads to SSRF',
1029 silly audit report       severity: 'moderate',
1029 silly audit report       vulnerable_versions: '<0.31.0',
1029 silly audit report       cwe: [Array],
1029 silly audit report       cvss: [Object]
1029 silly audit report     },
1029 silly audit report     {
1029 silly audit report       id: 1117573,
1029 silly audit report       url: 'https://github.com/advisories/GHSA-w9j2-pvgh-6h63',
1029 silly audit report       title: 'Axios: Authentication Bypass via Prototype Pollution Gadget in `validateStatus` Merge Strategy',
1029 silly audit report       severity: 'moderate',
1029 silly audit report       vulnerable_versions: '<=0.31.0',
1029 silly audit report       cwe: [Array],
1029 silly audit report       cvss: [Object]
1029 silly audit report     },
1029 silly audit report     {
1029 silly audit report       id: 1117575,
1029 silly audit report       url: 'https://github.com/advisories/GHSA-pmwg-cvhr-8vh7',
1029 silly audit report       title: 'Axios: Incomplete Fix for CVE-2025-62718 — NO_PROXY Protection Bypassed via RFC 1122 Loopback Subnet (127.0.0.0/8) in Axios 1.15.0',
1029 silly audit report       severity: 'high',
1029 silly audit report       vulnerable_versions: '<=0.31.0',
1029 silly audit report       cwe: [Array],
1029 silly audit report       cvss: [Object]
1029 silly audit report     },
1029 silly audit report     {
1029 silly audit report       id: 1117579,
1029 silly audit report       url: 'https://github.com/advisories/GHSA-xhjh-pmcv-23jw',
1029 silly audit report       title: 'Axios: Null Byte Injection via Reverse-Encoding in AxiosURLSearchParams',
1029 silly audit report       severity: 'low',
1029 silly audit report       vulnerable_versions: '<=0.31.0',
1029 silly audit report       cwe: [Array],
1029 silly audit report       cvss: [Object]
1029 silly audit report     },
1029 silly audit report     {
1029 silly audit report       id: 1117582,
1029 silly audit report       url: 'https://github.com/advisories/GHSA-m7pr-hjqh-92cm',
1029 silly audit report       title: 'Axios: no_proxy bypass via IP alias allows SSRF',
1029 silly audit report       severity: 'moderate',
1029 silly audit report       vulnerable_versions: '<=0.31.0',
1029 silly audit report       cwe: [Array],
1029 silly audit report       cvss: [Object]
1029 silly audit report     },
1029 silly audit report     {
1029 silly audit report       id: 1117584,
1029 silly audit report       url: 'https://github.com/advisories/GHSA-62hf-57xw-28j9',
1029 silly audit report       title: 'Axios: unbounded recursion in toFormData causes DoS via deeply nested request data',
1029 silly audit report       severity: 'moderate',
1029 silly audit report       vulnerable_versions: '<=0.31.0',
1029 silly audit report       cwe: [Array],
1029 silly audit report       cvss: [Object]
1029 silly audit report     },
1029 silly audit report     {
1029 silly audit report       id: 1117586,
1029 silly audit report       url: 'https://github.com/advisories/GHSA-5c9x-8gcm-mpgx',
1029 silly audit report       title: "Axios' HTTP adapter-streamed uploads bypass maxBodyLength when maxRedirects: 0",
1029 silly audit report       severity: 'moderate',
1029 silly audit report       vulnerable_versions: '<=0.31.0',
1029 silly audit report       cwe: [Array],
1029 silly audit report       cvss: [Object]
1029 silly audit report     },
1029 silly audit report     {
1029 silly audit report       id: 1117588,
1029 silly audit report       url: 'https://github.com/advisories/GHSA-vf2m-468p-8v99',
1029 silly audit report       title: 'Axios: HTTP adapter streamed responses bypass maxContentLength',
1029 silly audit report       severity: 'moderate',
1029 silly audit report       vulnerable_versions: '<=0.31.0',
1029 silly audit report       cwe: [Array],
1029 silly audit report       cvss: [Object]
1029 silly audit report     },
1029 silly audit report     {
1029 silly audit report       id: 1117590,
1029 silly audit report       url: 'https://github.com/advisories/GHSA-pf86-5x62-jrwf',
1029 silly audit report       title: 'Axios: Prototype Pollution Gadgets - Response Tampering, Data Exfiltration, and Request Hijacking',
1029 silly audit report       severity: 'high',
1029 silly audit report       vulnerable_versions: '<=0.31.0',
1029 silly audit report       cwe: [Array],
1029 silly audit report       cvss: [Object]
1029 silly audit report     },
1029 silly audit report     {
1029 silly audit report       id: 1117592,
1029 silly audit report       url: 'https://github.com/advisories/GHSA-6chq-wfr3-2hj9',
1029 silly audit report       title: 'Axios: Header Injection via Prototype Pollution',
1029 silly audit report       severity: 'high',
1029 silly audit report       vulnerable_versions: '<=0.31.0',
1029 silly audit report       cwe: [Array],
1029 silly audit report       cvss: [Object]
1029 silly audit report     },
1029 silly audit report     {
1029 silly audit report       id: 1117594,
1029 silly audit report       url: 'https://github.com/advisories/GHSA-xx6v-rp6x-q39c',
1029 silly audit report       title: 'Axios: XSRF Token Cross-Origin Leakage via Prototype Pollution Gadget in `withXSRFToken` Boolean Coercion',
1029 silly audit report       severity: 'moderate',
1029 silly audit report       vulnerable_versions: '<=0.31.0',
1029 silly audit report       cwe: [Array],
1029 silly audit report       cvss: [Object]
1029 silly audit report     },
1029 silly audit report     {
1029 silly audit report       id: 1117857,
1029 silly audit report       url: 'https://github.com/advisories/GHSA-43fc-jf86-j433',
1029 silly audit report       title: 'Axios is Vulnerable to Denial of Service via __proto__ Key in mergeConfig',
1029 silly audit report       severity: 'high',
1029 silly audit report       vulnerable_versions: '<=0.30.2',
1029 silly audit report       cwe: [Array],
1029 silly audit report       cvss: [Object]
1029 silly audit report     },
1029 silly audit report     {
1029 silly audit report       id: 1097679,
1029 silly audit report       url: 'https://github.com/advisories/GHSA-wf5p-g6vw-rhxx',
1029 silly audit report       title: 'Axios Cross-Site Request Forgery Vulnerability',
1029 silly audit report       severity: 'moderate',
1029 silly audit report       vulnerable_versions: '>=0.8.1 <0.28.0',
1029 silly audit report       cwe: [Array],
1029 silly audit report       cvss: [Object]
1029 silly audit report     }
1029 silly audit report   ],
1029 silly audit report   minimatch: [
1029 silly audit report     {
1029 silly audit report       id: 1113459,
1029 silly audit report       url: 'https://github.com/advisories/GHSA-3ppc-4f35-3m26',
1029 silly audit report       title: 'minimatch has a ReDoS via repeated wildcards with non-matching literal in pattern',
1029 silly audit report       severity: 'high',
1029 silly audit report       vulnerable_versions: '<3.1.3',
1029 silly audit report       cwe: [Array],
1029 silly audit report       cvss: [Object]
1029 silly audit report     },
1029 silly audit report     {
1029 silly audit report       id: 1113538,
1029 silly audit report       url: 'https://github.com/advisories/GHSA-7r86-cg39-jmmj',
1029 silly audit report       title: 'minimatch has ReDoS: matchOne() combinatorial backtracking via multiple non-adjacent GLOBSTAR segments',
1029 silly audit report       severity: 'high',
1029 silly audit report       vulnerable_versions: '<3.1.3',
1029 silly audit report       cwe: [Array],
1029 silly audit report       cvss: [Object]
1029 silly audit report     },
1029 silly audit report     {
1029 silly audit report       id: 1113546,
1029 silly audit report       url: 'https://github.com/advisories/GHSA-23c5-xmqv-rm74',
1029 silly audit report       title: 'minimatch ReDoS: nested *() extglobs generate catastrophically backtracking regular expressions',
1029 silly audit report       severity: 'high',
1029 silly audit report       vulnerable_versions: '<3.1.4',
1029 silly audit report       cwe: [Array],
1029 silly audit report       cvss: [Object]
1029 silly audit report     }
1029 silly audit report   ]
1029 silly audit report }
1030 silly packumentCache corgi:https://registry.npmjs.org/axios cache-miss
1031 silly packumentCache corgi:https://registry.npmjs.org/minimatch cache-miss
1032 warn deprecated whatwg-encoding@3.1.1: Use @exodus/bytes instead for a more spec-conformant and faster implementation
1033 http fetch GET 200 https://registry.npmjs.org/minimatch 5612ms (cache revalidated)
1034 silly packumentCache corgi:https://registry.npmjs.org/minimatch set size:168441 disposed:false
1035 http fetch GET 200 https://registry.npmjs.org/axios 5676ms (cache revalidated)
1036 silly packumentCache corgi:https://registry.npmjs.org/axios set size:292409 disposed:false
1037 silly packumentCache corgi:https://registry.npmjs.org/soundcloud-downloader cache-miss
1038 http fetch GET 200 https://registry.npmjs.org/soundcloud-downloader 1164ms (cache revalidated)
1039 silly packumentCache corgi:https://registry.npmjs.org/soundcloud-downloader set size:48579 disposed:false
1040 silly packumentCache corgi:https://registry.npmjs.org/redstar cache-miss
1041 warn deprecated @discordjs/voice@0.16.1: This version uses deprecated encryption modes. Please use a newer version.
1042 http fetch GET 200 https://registry.npmjs.org/redstar 848ms (cache revalidated)
1043 silly packumentCache corgi:https://registry.npmjs.org/redstar set size:1262 disposed:false
1044 silly packumentCache corgi:https://registry.npmjs.org/node-fzf cache-miss
1045 http fetch GET 200 https://registry.npmjs.org/node-fzf 530ms (cache revalidated)
1046 silly packumentCache corgi:https://registry.npmjs.org/node-fzf set size:42290 disposed:false
1047 silly packumentCache corgi:https://registry.npmjs.org/yt-search cache-miss
1048 http fetch GET 200 https://registry.npmjs.org/yt-search 780ms (cache revalidated)
1049 silly packumentCache corgi:https://registry.npmjs.org/yt-search set size:126336 disposed:false
1050 info run ffmpeg-static@5.3.0 install node_modules/ffmpeg-static node install.js
1051 info run ffmpeg-static@5.3.0 install { code: 1, signal: null }
1052 verbose stack Error: command failed
1052 verbose stack     at promiseSpawn (/data/data/com.termux/files/usr/lib/node_modules/npm/node_modules/@npmcli/promise-spawn/lib/index.js:22:22)
1052 verbose stack     at spawnWithShell (/data/data/com.termux/files/usr/lib/node_modules/npm/node_modules/@npmcli/promise-spawn/lib/index.js:124:10)
1052 verbose stack     at promiseSpawn (/data/data/com.termux/files/usr/lib/node_modules/npm/node_modules/@npmcli/promise-spawn/lib/index.js:12:12)
1052 verbose stack     at runScriptPkg (/data/data/com.termux/files/usr/lib/node_modules/npm/node_modules/@npmcli/run-script/lib/run-script-pkg.js:79:13)
1052 verbose stack     at runScript (/data/data/com.termux/files/usr/lib/node_modules/npm/node_modules/@npmcli/run-script/lib/run-script.js:9:12)
1052 verbose stack     at /data/data/com.termux/files/usr/lib/node_modules/npm/node_modules/@npmcli/arborist/lib/arborist/rebuild.js:341:17
1052 verbose stack     at run (/data/data/com.termux/files/usr/lib/node_modules/npm/node_modules/promise-call-limit/dist/commonjs/index.js:67:22)
1052 verbose stack     at /data/data/com.termux/files/usr/lib/node_modules/npm/node_modules/promise-call-limit/dist/commonjs/index.js:84:9
1052 verbose stack     at new Promise (<anonymous>)
1052 verbose stack     at callLimit (/data/data/com.termux/files/usr/lib/node_modules/npm/node_modules/promise-call-limit/dist/commonjs/index.js:35:69)
1053 verbose pkgid ffmpeg-static@5.3.0
1054 error code 1
1055 error path /data/data/com.termux/files/home/discord-music-bot/node_modules/ffmpeg-static
1056 error command failed
1057 error command sh -c node install.js
1058 error ffmpeg-static install failed: No binary found for architecture
1059 silly unfinished npm timer reify 1780911718929
1060 silly unfinished npm timer reify:build 1780911787331
1061 silly unfinished npm timer build 1780911787335
1062 silly unfinished npm timer build:deps 1780911787338
1063 silly unfinished npm timer build:run:install 1780911787478
1064 silly unfinished npm timer build:run:install:node_modules/ffmpeg-static 1780911787480
1065 verbose cwd /data/data/com.termux/files/home/discord-music-bot
1066 verbose os Linux 6.6.89-android15-8-g5a0ffb447c1d-ab13771415-4k
1067 verbose node v26.2.0
1068 verbose npm  v11.16.0
1069 verbose exit 1
1070 verbose code 1
1071 error A complete log of this run can be found in: /data/data/com.termux/files/home/.npm/_logs/2026-06-08T09_41_54_097Z-debug-0.log
